0,0,0
0,0,0
0,0,241929.51573902805
0,0,390353.30641831434
0,0,816236.5630356617
0,0,1012877.2218710625
0,0,1142032.574082677
0,0,1684846.4450351461
0,0,2238229.149273782
0,0,2741845.1741558895
0.094247779607693788,0.094247779607693788,41344.009949353989
0.094247779607693788,0.094247779607693788,57261.431675738866
0.094247779607693788,0.094247779607693788,247800.02053690577
0.094247779607693788,0.094247779607693788,390693.08958910999
0.094247779607693788,0.094247779607693788,815632.63971434219
0.094247779607693788,0.094247779607693788,1012311.1992615964
0.094247779607693788,0.094247779607693788,1144150.6434372815
0.094247779607693788,0.094247779607693788,1684974.1389681788
0.094247779607693788,0.094247779607693788,2238041.2923960565
0.094247779607693788,0.094247779607693788,2738666.8183602346
0.18849555921538758,0.18849555921538758,82566.622107098316
0.18849555921538758,0.18849555921538758,105290.85944438493
0.18849555921538758,0.18849555921538758,267981.98141069378
0.18849555921538758,0.18849555921538758,391893.27145157615
0.18849555921538758,0.18849555921538758,813838.91144845716
0.18849555921538758,0.18849555921538758,1010851.1242968056
0.18849555921538758,0.18849555921538758,1150295.2853774941
0.18849555921538758,0.18849555921538758,1685360.9930170362
0.18849555921538758,0.18849555921538758,2237471.849375166
0.18849555921538758,0.18849555921538758,2730211.4005661071
0.28274333882308139,0.28274333882308139,123382.29613330936
0.28274333882308139,0.28274333882308139,136995.20697377779
0.28274333882308139,0.28274333882308139,305569.5464398383
0.28274333882308139,0.28274333882308139,394908.4233969216
0.28274333882308139,0.28274333882308139,810913.52564335964
0.28274333882308139,0.28274333882308139,1009100.742802599
0.28274333882308139,0.28274333882308139,1159951.3378331235
0.28274333882308139,0.28274333882308139,1686018.4582676005
0.28274333882308139,0.28274333882308139,2236503.1370246923
0.28274333882308139,0.28274333882308139,2717968.6033229106
0.37699111843077515,0.37699111843077515,152381.33644540459
0.37699111843077515,0.37699111843077515,165255.96902794711
0.37699111843077515,0.37699111843077515,351786.29650764464
0.37699111843077515,0.37699111843077515,405108.26502216415
0.37699111843077515,0.37699111843077515,806966.23456915619
0.37699111843077515,0.37699111843077515,1007816.8538731736
0.37699111843077515,0.37699111843077515,1172523.0309207796
0.37699111843077515,0.37699111843077515,1686966.0841458656
0.37699111843077515,0.37699111843077515,2235105.4695722121
0.37699111843077515,0.37699111843077515,2702753.4632670796
0.47123889803846897,0.47123889803846897,160790.03413903841
0.47123889803846897,0.47123889803846897,205145.25608784045
0.47123889803846897,0.47123889803846897,378030.75385120371
0.47123889803846897,0.47123889803846897,443380.53131956619
0.47123889803846897,0.47123889803846897,802176.99877463467
0.47123889803846897,0.47123889803846897,1007772.0075686657
0.47123889803846897,0.47123889803846897,1187498.9553891667
0.47123889803846897,0.47123889803846897,1688232.2765029394
0.47123889803846897,0.47123889803846897,2233236.8628018224
0.47123889803846897,0.47123889803846897,2685041.6949753473
0.56548667764616278,0.56548667764616278,164675.21916835054
0.56548667764616278,0.56548667764616278,244642.56789531937
0.56548667764616278,0.56548667764616278,385529.09147389058
0.56548667764616278,0.56548667764616278,503119.86733325082
0.56548667764616278,0.56548667764616278,796826.15519018483
0.56548667764616278,0.56548667764616278,1009740.3639288507
0.56548667764616278,0.56548667764616278,1204517.1429534988
0.56548667764616278,0.56548667764616278,1689855.4977552274
0.56548667764616278,0.56548667764616278,2230842.6806418858
0.56548667764616278,0.56548667764616278,2665214.9135138327
0.65973445725385649,0.65973445725385649,166343.94650634681
0.65973445725385649,0.65973445725385649,282968.96905937011
0.65973445725385649,0.65973445725385649,389843.45265644783
0.65973445725385649,0.65973445725385649,565681.12462079723
0.65973445725385649,0.65973445725385649,791357.23610139429
0.65973445725385649,0.65973445725385649,1014565.3228636727
0.65973445725385649,0.65973445725385649,1223375.1176484232
0.65973445725385649,0.65973445725385649,1691886.089624675
0.65973445725385649,0.65973445725385649,2227855.3142753667
0.65973445725385649,0.65973445725385649,2643634.8156334935
0.7539822368615503,0.7539822368615503,166742.92888342449
0.7539822368615503,0.7539822368615503,319012.72339470277
0.7539822368615503,0.7539822368615503,394826.23977779975
0.7539822368615503,0.7539822368615503,625257.09975690977
0.7539822368615503,0.7539822368615503,786548.03968273755
0.7539822368615503,0.7539822368615503,1023249.3696806508
0.7539822368615503,0.7539822368615503,1244028.1799711962
0.7539822368615503,0.7539822368615503,1694389.0268505977
0.7539822368615503,0.7539822368615503,2224194.0604724758
0.7539822368615503,0.7539822368615503,2620656.8778601307
0.84823001646924423,0.84823001646924423,166328.10504223581
0.84823001646924423,0.84823001646924423,349848.99572405935
0.84823001646924423,0.84823001646924423,403773.61925208615
0.84823001646924423,0.84823001646924423,677706.18163674383
0.84823001646924423,0.84823001646924423,784065.56296673534
0.84823001646924423,0.84823001646924423,1036973.3616230858
0.84823001646924423,0.84823001646924423,1266596.1677234354
0.84823001646924423,0.84823001646924423,1697448.1318309614
0.84823001646924423,0.84823001646924423,2219765.4971825751
0.84823001646924423,0.84823001646924423,2596629.2452286794
0.94247779607693793,0.94247779607693793,165340.06752141265
0.94247779607693793,0.94247779607693793,369904.10995638411
0.94247779607693793,0.94247779607693793,422099.41408920998
0.94247779607693793,0.94247779607693793,716994.89224040555
0.94247779607693793,0.94247779607693793,788085.49209118099
0.94247779607693793,0.94247779607693793,1056869.0961323469
0.94247779607693793,0.94247779607693793,1291381.6460449568
0.94247779607693793,0.94247779607693793,1701172.6748869566
0.94247779607693793,0.94247779607693793,2214464.8709363881
0.94247779607693793,0.94247779607693793,2571890.5662311558
1.0367255756846316,1.0367255756846316,163916.35670654953
1.0367255756846316,1.0367255756846316,379425.61439620185
1.0367255756846316,1.0367255756846316,449123.0534009026
1.0367255756846316,1.0367255756846316,736654.88124102005
1.0367255756846316,1.0367255756846316,804058.79634857015
1.0367255756846316,1.0367255756846316,1083380.7108258768
1.0367255756846316,1.0367255756846316,1318885.2504909593
1.0367255756846316,1.0367255756846316,1705707.998152236
1.0367255756846316,1.0367255756846316,2208179.3493870436
1.0367255756846316,1.0367255756846316,2546769.4251486729
1.1309733552923256,1.1309733552923256,162141.73533364461
1.1309733552923256,1.1309733552923256,384394.80022464844
1.1309733552923256,1.1309733552923256,478172.16001021519
1.1309733552923256,1.1309733552923256,742979.64733155875
1.1309733552923256,1.1309733552923256,826214.42672420596
1.1309733552923256,1.1309733552923256,1115498.6223980167
1.1309733552923256,1.1309733552923256,1349774.0886541419
1.1309733552923256,1.1309733552923256,1711253.0853403923
1.1309733552923256,1.1309733552923256,2200794.4869335517
1.1309733552923256,1.1309733552923256,2521584.4550482775
1.2252211349000193,1.2252211349000193,160072.57381315308
1.2252211349000193,1.2252211349000193,387785.39995081152
1.2252211349000193,1.2252211349000193,505306.8503497754
1.2252211349000193,1.2252211349000193,746485.20250566991
1.2252211349000193,1.2252211349000193,846250.59626017383
1.2252211349000193,1.2252211349000193,1150717.9933039777
1.2252211349000193,1.2252211349000193,1384719.219419305
1.2252211349000193,1.2252211349000193,1718090.2162555968
1.2252211349000193,1.2252211349000193,2192205.9124174993
1.2252211349000193,1.2252211349000193,2496643.2463412778
1.319468914507713,1.319468914507713,157749.56105651078
1.319468914507713,1.319468914507713,390581.22611506667
1.319468914507713,1.319468914507713,528378.69183723559
1.319468914507713,1.319468914507713,751922.47471749806
1.319468914507713,1.319468914507713,862548.99363987229
1.319468914507713,1.319468914507713,1186022.1570423704
1.319468914507713,1.319468914507713,1424028.2792751899
1.319468914507713,1.319468914507713,1726635.1214261409
1.319468914507713,1.319468914507713,2182339.0558783859
1.319468914507713,1.319468914507713,2472238.1429366358
1.4137166941154067,1.4137166941154067,155204.7854477787
1.4137166941154067,1.4137166941154067,393151.0020592236
1.4137166941154067,1.4137166941154067,545968.63437596906
1.4137166941154067,1.4137166941154067,761269.57417103648
1.4137166941154067,1.4137166941154067,876071.84732804075
1.4137166941154067,1.4137166941154067,1219054.4417925896
1.4137166941154067,1.4137166941154067,1467158.577748822
1.4137166941154067,1.4137166941154067,1737518.1667965914
1.4137166941154067,1.4137166941154067,2171180.7196528558
1.4137166941154067,1.4137166941154067,2448638.181969835
1.5079644737231006,1.5079644737231006,152465.9396348708
1.5079644737231006,1.5079644737231006,395659.51854822604
1.5079644737231006,1.5079644737231006,557492.26598567923
1.5079644737231006,1.5079644737231006,774950.99573866301
1.5079644737231006,1.5079644737231006,888267.45709044742
1.5079644737231006,1.5079644737231006,1248640.1192789206
1.5079644737231006,1.5079644737231006,1512401.2514310724
1.5079644737231006,1.5079644737231006,1751694.3364829179
1.5079644737231006,1.5079644737231006,2158828.0071240878
1.5079644737231006,1.5079644737231006,2426076.9039717265
1.6022122533307945,1.6022122533307945,149558.98015842275
1.6022122533307945,1.6022122533307945,398191.93488334003
1.6022122533307945,1.6022122533307945,563371.74445707828
1.6022122533307945,1.6022122533307945,791930.35902969062
1.6022122533307945,1.6022122533307945,900670.64157931239
1.6022122533307945,1.6022122533307945,1274589.3295438732
1.6022122533307945,1.6022122533307945,1556962.3511319221
1.6022122533307945,1.6022122533307945,1770500.9097135013
1.6022122533307945,1.6022122533307945,2145564.5887885862
1.6022122533307945,1.6022122533307945,2404740.4870496681
1.6964600329384885,1.6964600329384885,146509.9170411716
1.6964600329384885,1.6964600329384885,400797.71276743262
1.6964600329384885,1.6964600329384885,564719.81804421998
1.6964600329384885,1.6964600329384885,810073.44273843057
1.6964600329384885,1.6964600329384885,914917.30344634969
1.6964600329384885,1.6964600329384885,1297219.0656545667
1.6964600329384885,1.6964600329384885,1597518.9372228144
1.6964600329384885,1.6964600329384885,1795348.7458415846
1.6964600329384885,1.6964600329384885,2131987.210085588
1.6964600329384885,1.6964600329384885,2384761.3234697171
1.7907078125461819,1.7907078125461819,143346.08735951362
1.7907078125461819,1.7907078125461819,403508.48349802819
1.7907078125461819,1.7907078125461819,562790.47666307434
1.7907078125461819,1.7907078125461819,826947.56311246939
1.7907078125461819,1.7907078125461819,932581.38941473432
1.7907078125461819,1.7907078125461819,1316981.3338315459
1.7907078125461819,1.7907078125461819,1631402.2140093502
1.7907078125461819,1.7907078125461819,1826561.5417917259
1.7907078125461819,1.7907078125461819,2119237.3305326807
1.7907078125461819,1.7907078125461819,2366225.2021293431
1.8849555921538759,1.8849555921538759,140097.09986358081
1.8849555921538759,1.8849555921538759,406346.14268945169
1.8849555921538759,1.8849555921538759,558636.71443146653
1.8849555921538759,1.8849555921538759,840834.58512551803
1.8849555921538759,1.8849555921538759,954571.38905787794
1.8849555921538759,1.8849555921538759,1334289.6053721467
1.8849555921538759,1.8849555921538759,1657870.2886791008
1.8849555921538759,1.8849555921538759,1861723.6983273393
1.8849555921538759,1.8849555921538759,2109442.7446284979
1.8849555921538759,1.8849555921538759,2349200.3096243921
1.9792033717615696,1.9792033717615696,136795.54479748357
1.9792033717615696,1.9792033717615696,409326.79930320766
1.9792033717615696,1.9792033717615696,553032.15142365498
1.9792033717615696,1.9792033717615696,851340.50573183037
1.9792033717615696,1.9792033717615696,980643.16002857802
1.9792033717615696,1.9792033717615696,1349473.7676074235
1.9792033717615696,1.9792033717615696,1677975.408722725
1.9792033717615696,1.9792033717615696,1895089.7526618321
1.9792033717615696,1.9792033717615696,2106367.5299267541
1.9792033717615696,1.9792033717615696,2333799.6112972554
2.0734511513692633,2.0734511513692633,133477.50679383412
2.0734511513692633,2.0734511513692633,412462.75488841493
2.0734511513692633,2.0734511513692633,546515.54388415231
2.0734511513692633,2.0734511513692633,859022.26215955673
2.0734511513692633,2.0734511513692633,1009754.7907111135
2.0734511513692633,2.0734511513692633,1362787.7769261082
2.0734511513692633,2.0734511513692633,1693224.568976088
2.0734511513692633,2.0734511513692633,1919076.8685993033
2.0734511513692633,2.0734511513692633,2115088.7846869011
2.0734511513692633,2.0734511513692633,2320306.4495492815
2.167698930976957,2.167698930976957,130182.88093505969
2.167698930976957,2.167698930976957,415763.41664726433
2.167698930976957,2.167698930976957,539457.68254564959
2.167698930976957,2.167698930976957,864654.17201190873
2.167698930976957,2.167698930976957,1040746.7558143864
2.167698930976957,2.167698930976957,1374430.0313660072
2.167698930976957,2.167698930976957,1704647.7498534461
2.167698930976957,2.167698930976957,1929158.9748125817
2.167698930976957,2.167698930976957,2137705.995647232
2.167698930976957,2.167698930976957,2309459.8834257312
2.2619467105846511,2.2619467105846511,126955.46408199899
2.2619467105846511,2.2619467105846511,419235.50821669784
2.2619467105846511,2.2619467105846511,532116.23920681025
2.2619467105846511,2.2619467105846511,868859.67679292418
2.2619467105846511,2.2619467105846511,1072659.4213128998
2.2619467105846511,2.2619467105846511,1384561.6847136794
2.2619467105846511,2.2619467105846511,1712622.5415643938
2.2619467105846511,2.2619467105846511,1927919.6973107252
2.2619467105846511,2.2619467105846511,2168703.484216827
2.2619467105846511,2.2619467105846511,2303186.7708816929
2.3561944901923448,2.3561944901923448,123842.77202545479
2.3561944901923448,2.3561944901923448,422882.65355131251
2.3561944901923448,2.3561944901923448,524674.34040908038
2.3561944901923448,2.3561944901923448,872064.06633601
2.3561944901923448,2.3561944901923448,1104738.0514933406
2.3561944901923448,2.3561944901923448,1393319.404352189
2.3561944901923448,2.3561944901923448,1717027.6236451224
2.3561944901923448,2.3561944901923448,1921039.5210479507
2.3561944901923448,2.3561944901923448,2197316.9531464432
2.3561944901923448,2.3561944901923448,2306086.6629336621
2.4504422698000385,2.4504422698000385,120895.51831546315
2.4504422698000385,2.4504422698000385,426704.16683153633
2.4504422698000385,2.4504422698000385,517266.8434476179
2.4504422698000385,2.4504422698000385,874544.37047081604
2.4504422698000385,2.4504422698000385,1136345.6076828204
2.4504422698000385,2.4504422698000385,1400822.9746464326
2.4504422698000385,2.4504422698000385,1717516.4867903409
2.4504422698000385,2.4504422698000385,1912926.4088226655
2.4504422698000385,2.4504422698000385,2213090.230835041
2.4504422698000385,2.4504422698000385,2323984.6367758755
2.5446900494077322,2.5446900494077322,118166.68638590071
2.5446900494077322,2.5446900494077322,430692.52592050028
2.5446900494077322,2.5446900494077322,509999.1187758313
2.5446900494077322,2.5446900494077322,876480.92757532385
2.5446900494077322,2.5446900494077322,1166874.0556070823
2.5446900494077322,2.5446900494077322,1407179.0268522536
2.5446900494077322,2.5446900494077322,1713895.1472524437
2.5446900494077322,2.5446900494077322,1906140.8619038069
2.5446900494077322,2.5446900494077322,2215822.423364873
2.5446900494077322,2.5446900494077322,2354219.2022575182
2.638937829015426,2.638937829015426,115710.13908777125
2.638937829015426,2.638937829015426,434828.26889568014
2.638937829015426,2.638937829015426,502962.74647481472
2.638937829015426,2.638937829015426,877992.83523190196
2.638937829015426,2.638937829015426,1195668.7132638982
2.638937829015426,2.638937829015426,1412481.9133747325
2.638937829015426,2.638937829015426,1706509.579541774
2.638937829015426,2.638937829015426,1901779.1927224654
2.638937829015426,2.638937829015426,2212260.2914720541
2.638937829015426,2.638937829015426,2388236.6668912335
2.7331856086231201,2.7331856086231201,113578.74623698888
2.7331856086231201,2.7331856086231201,439069.25688970328
2.7331856086231201,2.7331856086231201,496253.23747574422
2.7331856086231201,2.7331856086231201,879159.98562939442
2.7331856086231201,2.7331856086231201,1221963.8770980369
2.7331856086231201,2.7331856086231201,1416812.0170173724
2.7331856086231201,2.7331856086231201,1696410.2016678392
2.7331856086231201,2.7331856086231201,1899840.9999177237
2.7331856086231201,2.7331856086231201,2206707.9542321931
2.7331856086231201,2.7331856086231201,2420516.1087193028
2.8274333882308134,2.8274333882308134,111822.07622576128
2.8274333882308134,2.8274333882308134,443326.5097633152
2.8274333882308134,2.8274333882308134,489998.85917177261
2.8274333882308134,2.8274333882308134,880036.46050370787
2.8274333882308134,2.8274333882308134,1244835.6889780881
2.8274333882308134,2.8274333882308134,1420231.0229213324
2.8274333882308134,2.8274333882308134,1685196.4693989102
2.8274333882308134,2.8274333882308134,1899676.5880598179
2.8274333882308134,2.8274333882308134,2201083.7167540463
2.8274333882308134,2.8274333882308134,2448276.4098805548
2.9216811678385075,2.9216811678385075,110483.78937817618
2.9216811678385075,2.9216811678385075,447406.31368222373
2.9216811678385075,2.9216811678385075,484421.66156128561
2.9216811678385075,2.9216811678385075,880658.69004300691
2.9216811678385075,2.9216811678385075,1263198.3140191564
2.9216811678385075,2.9216811678385075,1422774.0623489125
2.9216811678385075,2.9216811678385075,1674715.3125899737
2.9216811678385075,2.9216811678385075,1900431.1559234436
2.9216811678385075,2.9216811678385075,2196336.672369821
2.9216811678385075,2.9216811678385075,2469932.5363835604
3.0159289474462012,3.0159289474462012,109598.97287080335
3.0159289474462012,3.0159289474462012,450874.73919585242
3.0159289474462012,3.0159289474462012,479975.05552458862
3.0159289474462012,3.0159289474462012,881050.4371493673
3.0159289474462012,3.0159289474462012,1275892.6378681441
3.0159289474462012,3.0159289474462012,1424442.8579710051
3.0159289474462012,3.0159289474462012,1666770.6519445935
3.0159289474462012,3.0159289474462012,1901338.8615558464
3.0159289474462012,3.0159289474462012,2193014.4550236934
3.0159289474462012,3.0159289474462012,2484459.5723471721
3.1101767270538954,3.1101767270538954,109191.7398358931
3.1101767270538954,3.1101767270538954,452863.48687305331
3.1101767270538954,3.1101767270538954,477539.32678912854
3.1101767270538954,3.1101767270538954,881225.79405822512
3.1101767270538954,3.1101767270538954,1281908.504013221
3.1101767270538954,3.1101767270538954,1425212.0541158956
3.1101767270538954,3.1101767270538954,1662819.2320645945
3.1101767270538954,3.1101767270538954,1901863.3195831403
3.1101767270538954,3.1101767270538954,2191440.3739031428
3.1101767270538954,3.1101767270538954,2491199.9256275068
3.2044245066615891,3.2044245066615891,109273.44200372267
3.2044245066615891,3.2044245066615891,452435.17343399511
3.2044245066615891,3.2044245066615891,478057.15286104404
3.2044245066615891,3.2044245066615891,881190.85567784123
3.2044245066615891,3.2044245066615891,1280692.0958511874
3.2044245066615891,3.2044245066615891,1425057.5363751517
3.2044245066615891,3.2044245066615891,1663627.5837023417
3.2044245066615891,3.2044245066615891,1901752.7771385729
3.2044245066615891,3.2044245066615891,2191758.3835642468
3.2044245066615891,3.2044245066615891,2489844.8587660706
3.2986722862692828,3.2986722862692828,109841.78886094509
3.2986722862692828,3.2986722862692828,449829.92277952633
3.2986722862692828,3.2986722862692828,481287.35855066369
3.2986722862692828,3.2986722862692828,880944.4180689652
3.2986722862692828,3.2986722862692828,1272359.7387243931
3.2986722862692828,3.2986722862692828,1423984.9658157849
3.2986722862692828,3.2986722862692828,1669036.2177926165
3.2986722862692828,3.2986722862692828,1901057.9354043202
3.2986722862692828,3.2986722862692828,2193939.7403071518
3.2986722862692828,3.2986722862692828,2480456.9061489096
3.3929200658769769,3.3929200658769769,110881.0274310292
3.3929200658769769,3.3929200658769769,446085.67882473854
3.3929200658769769,3.3929200658769769,486184.53472041793
3.3929200658769769,3.3929200658769769,880477.84170924872
3.3929200658769769,3.3929200658769769,1257650.3484573739
3.3929200658769769,3.3929200658769769,1422022.8954066946
3.3929200658769769,3.3929200658769769,1678012.3045003901
3.3929200658769769,3.3929200658769769,1900128.6754678302
3.3929200658769769,3.3929200658769769,2197782.2953031762
3.3929200658769769,3.3929200658769769,2463463.6560844388
3.4871678454846702,3.4871678454846702,112363.15071758596
3.4871678454846702,3.4871678454846702,441914.39623332059
3.4871678454846702,3.4871678454846702,492022.35604012018
3.4871678454846702,3.4871678454846702,879774.05249701359
3.4871678454846702,3.4871678454846702,1237656.2665032968
3.4871678454846702,3.4871678454846702,1419189.7732934896
3.4871678454846702,3.4871678454846702,1688945.9764126972
3.4871678454846702,3.4871678454846702,1899586.8561133461
3.4871678454846702,3.4871678454846702,2202896.6450998946
3.4871678454846702,3.4871678454846702,2439637.8649884486
3.5814156250923639,3.5814156250923639,114249.92676581559
3.5814156250923639,3.5814156250923639,437648.01015839656
3.5814156250923639,3.5814156250923639,498446.63715243241
3.5814156250923639,3.5814156250923639,878805.47866126406
3.5814156250923639,3.5814156250923639,1213529.9989998348
3.5814156250923639,3.5814156250923639,1415472.4682879725
3.5814156250923639,3.5814156250923639,1699987.5336338016
3.5814156250923639,3.5814156250923639,1900249.8698687905
3.5814156250923639,3.5814156250923639,2208632.4572912063
3.5814156250923639,3.5814156250923639,2410155.675458244
3.6756634047000576,3.6756634047000576,116495.42665350065
3.6756634047000576,3.6756634047000576,433435.26653020905
3.6756634047000576,3.6756634047000576,505276.9221198103
3.6756634047000576,3.6756634047000576,877530.48576458811
3.6756634047000576,3.6756634047000576,1186307.4932290465
3.6756634047000576,3.6756634047000576,1410826.0163726185
3.6756634047000576,3.6756634047000576,1709338.7697227264
3.6756634047000576,3.6756634047000576,1902945.7402005815
3.6756634047000576,3.6756634047000576,2213813.2067026654
3.6756634047000576,3.6756634047000576,2376895.0394698665
3.7699111843077517,3.7699111843077517,119048.70265113768
3.7699111843077517,3.7699111843077517,429345.40708383353
3.7699111843077517,3.7699111843077517,512400.39823842078
3.7699111843077517,3.7699111843077517,875887.50046159641
3.7699111843077517,3.7699111843077517,1156856.505945198
3.7699111843077517,3.7699111843077517,1405181.7608070166
3.7699111843077517,3.7699111843077517,1715551.9807597073
3.7699111843077517,3.7699111843077517,1908161.2512623311
3.7699111843077517,3.7699111843077517,2215929.03513721
3.7699111843077517,3.7699111843077517,2343328.8064626427
3.8641589639154454,3.8641589639154454,121856.3171094873
3.8641589639154454,3.8641589639154454,425411.23785450531
3.8641589639154454,3.8641589639154454,519725.2512269381
3.8641589639154454,3.8641589639154454,873785.39174564776
3.8641589639154454,3.8641589639154454,1125899.3456588383
3.8641589639154454,3.8641589639154454,1398454.3019828498
3.8641589639154454,3.8641589639154454,1717808.4634690522
3.8641589639154454,3.8641589639154454,1915576.0637471124
3.8641589639154454,3.8641589639154454,2209553.6449998114
3.8641589639154454,3.8641589639154454,2316262.3073867606
3.9584067435231391,3.9584067435231391,124864.51587610401
3.9584067435231391,3.9584067435231391,421647.42140199529
3.9584067435231391,3.9584067435231391,527157.04541161295
3.9584067435231391,3.9584067435231391,871087.65260760556
3.9584067435231391,3.9584067435231391,1094067.4485000209
3.9584067435231391,3.9584067435231391,1390545.1369323293
3.9584067435231391,3.9584067435231391,1715976.3847069698
3.9584067435231391,3.9584067435231391,1923646.1453826018
3.9584067435231391,3.9584067435231391,2188795.659932367
3.9584067435231391,3.9584067435231391,2303678.4420283181
4.0526545231308333,4.0526545231308333,128020.9413600617
4.0526545231308333,4.0526545231308333,418058.79996363563
4.0526545231308333,4.0526545231308333,534582.38775530574
4.0526545231308333,4.0526545231308333,867586.45885873586
4.0526545231308333,4.0526545231308333,1061969.4941774337
4.0526545231308333,4.0526545231308333,1381343.4740320283
4.0526545231308333,4.0526545231308333,1710347.2186770858
4.0526545231308333,4.0526545231308333,1929234.2656506463
4.0526545231308333,4.0526545231308333,2158044.9411792783
4.0526545231308333,4.0526545231308333,2304559.0892800116
4.1469023027385266,4.1469023027385266,131275.86427597262
4.1469023027385266,4.1469023027385266,414644.42335716821
4.1469023027385266,4.1469023027385266,541852.6950996262
4.1469023027385266,4.1469023027385266,862961.76860504446
4.1469023027385266,4.1469023027385266,1030271.3016303675
4.1469023027385266,4.1469023027385266,1370724.4807361553
4.1469023027385266,4.1469023027385266,1701229.4559999281
4.1469023027385266,4.1469023027385266,1927313.3763315664
4.1469023027385266,4.1469023027385266,2128808.8460408067
4.1469023027385266,4.1469023027385266,2312700.1186452145
4.2411500823462207,4.2411500823462207,134582.96869876279
4.2411500823462207,4.2411500823462207,411399.54559899156
4.2411500823462207,4.2411500823462207,548763.41638688999
4.2411500823462207,4.2411500823462207,856726.17316794104
4.2411500823462207,4.2411500823462207,999787.68624236144
4.2411500823462207,4.2411500823462207,1358544.4019032679
4.2411500823462207,4.2411500823462207,1688603.5294889114
4.2411500823462207,4.2411500823462207,1912541.417369331
4.2411500823462207,4.2411500823462207,2110602.93854339
4.2411500823462207,4.2411500823462207,2324561.0107691907
4.335397861953914,4.335397861953914,137899.75279658972
4.335397861953914,4.335397861953914,408316.53423020634
4.335397861953914,4.335397861953914,555024.20860960148
4.335397861953914,4.335397861953914,848190.40258838877
4.335397861953914,4.335397861953914,971555.3699818661
4.335397861953914,4.335397861953914,1344631.3712920854
4.335397861953914,4.335397861953914,1671882.7875586608
4.335397861953914,4.335397861953914,1884633.6710910813
4.335397861953914,4.335397861953914,2106335.1666579
4.335397861953914,4.335397861953914,2338740.8285563192
4.4296456415616081,4.4296456415616081,141187.61371846835
4.4296456415616081,4.4296456415616081,405385.07154967502
4.4296456415616081,4.4296456415616081,560215.22339052137
4.4296456415616081,4.4296456415616081,836588.82772510592
4.4296456415616081,4.4296456415616081,946752.38631940179
4.4296456415616081,4.4296456415616081,1328770.7442816047
4.4296456415616081,4.4296456415616081,1649829.73017941
4.4296456415616081,4.4296456415616081,1849855.9794757103
4.4296456415616081,4.4296456415616081,2112187.1753255851
4.4296456415616081,4.4296456415616081,2354702.3434475851
4.5238934211693023,4.5238934211693023,144411.67680150099
4.5238934211693023,4.5238934211693023,402591.72994493763
4.5238934211693023,4.5238934211693023,563726.93033469596
4.5238934211693023,4.5238934211693023,821595.22641417268
4.5238934211693023,4.5238934211693023,926235.51471588586
4.5238934211693023,4.5238934211693023,1310685.3631252875
4.5238934211693023,4.5238934211693023,1620941.7367604112
4.5238934211693023,4.5238934211693023,1815528.5961171028
4.5238934211693023,4.5238934211693023,2123291.100705544
4.5238934211693023,4.5238934211693023,2372239.5450118347
4.6181412007769955,4.6181412007769955,147540.41203453671
4.6181412007769955,4.6181412007769955,399918.76260451652
4.6181412007769955,4.6181412007769955,564694.32751928503
4.6181412007769955,4.6181412007769955,804051.41278069594
4.6181412007769955,4.6181412007769955,909860.17829246155
4.6181412007769955,4.6181412007769955,1290016.88400229
4.6181412007769955,4.6181412007769955,1584640.1826117549
4.6181412007769955,4.6181412007769955,1786333.3185359738
4.6181412007769955,4.6181412007769955,2136492.2909348384
4.6181412007769955,4.6181412007769955,2391264.228340026
4.7123889803846897,4.7123889803846897,150545.05714092532
4.7123889803846897,4.7123889803846897,397341.6084330533
4.7123889803846897,4.7123889803846897,561978.24124978925
4.7123889803846897,4.7123889803846897,786020.59822988149
4.7123889803846897,4.7123889803846897,896414.30528251186
4.7123889803846897,4.7123889803846897,1266329.5172099234
4.7123889803846897,4.7123889803846897,1542388.6947145322
4.7123889803846897,4.7123889803846897,1763623.6647389275
4.7123889803846897,4.7123889803846897,2150058.42624107
4.7123889803846897,4.7123889803846897,2411707.293557703
4.8066367599923838,4.8066367599923838,153398.83597600233
4.8066367599923838,4.8066367599923838,394823.90488634259
4.8066367599923838,4.8066367599923838,554318.42949341133
4.8066367599923838,4.8066367599923838,769944.61285442195
4.8066367599923838,4.8066367599923838,884256.70113907987
4.8066367599923838,4.8066367599923838,1239187.9783596916
4.8066367599923838,4.8066367599923838,1497239.5772962568
4.8066367599923838,4.8066367599923838,1746527.6913760174
4.8066367599923838,4.8066367599923838,2163065.705481777
4.8066367599923838,4.8066367599923838,2433469.3845679043
4.9008845396000771,4.9008845396000771,156075.9183060448
4.9008845396000771,4.9008845396000771,392307.05315622507
4.9008845396000771,4.9008845396000771,540771.28442797938
4.9008845396000771,4.9008845396000771,757662.45636560873
4.9008845396000771,4.9008845396000771,871785.53992715292
4.9008845396000771,4.9008845396000771,1208393.0590226473
4.9008845396000771,4.9008845396000771,1452437.7550495311
4.9008845396000771,4.9008845396000771,1733579.669130146
4.9008845396000771,4.9008845396000771,2175040.6240932955
4.9008845396000771,4.9008845396000771,2456400.1428977987
4.9951323192077703,4.9951323192077703,158550.0012209377
4.9951323192077703,4.9951323192077703,389686.42821212905
4.9951323192077703,4.9951323192077703,521241.03410440072
4.9951323192077703,4.9951323192077703,749739.13469367498
4.9951323192077703,4.9951323192077703,857490.95166496397
4.9951323192077703,4.9951323192077703,1174413.1149929704
4.9951323192077703,4.9951323192077703,1410451.4415101528
4.9951323192077703,4.9951323192077703,1723563.7073729986
4.9951323192077703,4.9951323192077703,2185772.5634017098
4.9951323192077703,4.9951323192077703,2480296.4389954749
5.0893800988154645,5.0893800988154645,160792.28042545027
5.0893800988154645,5.0893800988154645,386750.2945747177
5.0893800988154645,5.0893800988154645,496624.93834190036
5.0893800988154645,5.0893800988154645,745253.49271559669
5.0893800988154645,5.0893800988154645,839996.88544427441
5.0893800988154645,5.0893800988154645,1138823.8694189889
5.0893800988154645,5.0893800988154645,1372588.3085040725
5.0893800988154645,5.0893800988154645,1715645.4324983696
5.0893800988154645,5.0893800988154645,2195208.0185300377
5.0893800988154645,5.0893800988154645,2504911.4634685125
5.1836278784231586,5.1836278784231586,162768.37347168321
5.1836278784231586,5.1836278784231586,382997.63437749143
5.1836278784231586,5.1836278784231586,468564.74375816889
5.1836278784231586,5.1836278784231586,741566.29393632628
5.1836278784231586,5.1836278784231586,818821.81759911799
5.1836278784231586,5.1836278784231586,1104301.1922454492
5.1836278784231586,5.1836278784231586,1339057.2181101346
5.1836278784231586,5.1836278784231586,1709277.2554551291
5.1836278784231586,5.1836278784231586,2203385.0814096844
5.1836278784231586,5.1836278784231586,2529967.2939807279
5.2778756580308519,5.2778756580308519,164433.35223854202
5.2778756580308519,5.2778756580308519,377011.42763914954
5.2778756580308519,5.2778756580308519,439596.54930818855
5.2778756580308519,5.2778756580308519,732222.84983860957
5.2778756580308519,5.2778756580308519,797471.35137042392
5.2778756580308519,5.2778756580308519,1073835.319146855
5.2778756580308519,5.2778756580308519,1309376.6192896503
5.2778756580308519,5.2778756580308519,1704095.2163352324
5.2778756580308519,5.2778756580308519,2210391.0878902492
5.2778756580308519,5.2778756580308519,2555165.7588266945
5.3721234376385461,5.3721234376385461,165723.19870767547
5.3721234376385461,5.3721234376385461,364653.42143171385
5.3721234376385461,5.3721234376385461,414733.96951324207
5.3721234376385461,5.3721234376385461,705871.94795144
5.3721234376385461,5.3721234376385461,785600.05452728714
5.3721234376385461,5.3721234376385461,1049500.3317784609
5.3721234376385461,5.3721234376385461,1282846.6105437204
5.3721234376385461,5.3721234376385461,1699849.1477545351
5.3721234376385461,5.3721234376385461,2216335.4944063756
5.3721234376385461,5.3721234376385461,2580195.309922514
5.4663712172462402,5.4663712172462402,166539.13051941397
5.4663712172462402,5.4663712172462402,340472.97973263642
5.4663712172462402,5.4663712172462402,400030.04757875192
5.4663712172462402,5.4663712172462402,661319.58536562684
5.4663712172462402,5.4663712172462402,784455.75897304458
5.4663712172462402,5.4663712172462402,1031762.6504180258
5.4663712172462402,5.4663712172462402,1258846.0609302535
5.4663712172462402,5.4663712172462402,1696360.5067370117
5.4663712172462402,5.4663712172462402,2221333.199925229
5.4663712172462402,5.4663712172462402,2604733.97670415
5.5606189968539335,5.5606189968539335,166716.82294293615
5.5606189968539335,5.5606189968539335,307371.23692693893
5.5606189968539335,5.5606189968539335,392932.46941603394
5.5606189968539335,5.5606189968539335,605972.46484893444
5.5606189968539335,5.5606189968539335,788004.53866907908
5.5606189968539335,5.5606189968539335,1019855.7498509564
5.5606189968539335,5.5606189968539335,1236940.5228958763
5.5606189968539335,5.5606189968539335,1693497.5046758736
5.5606189968539335,5.5606189968539335,2225494.8692625226
5.5606189968539335,5.5606189968539335,2628449.834359067
5.6548667764616267,5.6548667764616267,165961.30357643316
5.6548667764616267,5.6548667764616267,270372.84775288845
5.6548667764616267,5.6548667764616267,388453.67574960971
5.6548667764616267,5.6548667764616267,544957.13076453307
5.6548667764616267,5.6548667764616267,793155.52201447473
5.6548667764616267,5.6548667764616267,1012581.8079422797
5.6548667764616267,5.6548667764616267,1216890.7290227739
5.6548667764616267,5.6548667764616267,1691160.2910018561
5.6548667764616267,5.6548667764616267,2228921.7257709233
5.6548667764616267,5.6548667764616267,2651000.928144258
5.7491145560693209,5.7491145560693209,163697.25334359755
5.7491145560693209,5.7491145560693209,231573.21931352935
5.7491145560693209,5.7491145560693209,383734.25204230426
5.7491145560693209,5.7491145560693209,482420.63528009958
5.7491145560693209,5.7491145560693209,798649.26201810164
5.7491145560693209,5.7491145560693209,1008810.958813261
5.7491145560693209,5.7491145560693209,1198633.2428905214
5.7491145560693209,5.7491145560693209,1689271.9163730685
5.7491145560693209,5.7491145560693209,2231703.042386733
5.7491145560693209,5.7491145560693209,2672036.3676382657
5.843362335677015,5.843362335677015,158686.30514896027
5.843362335677015,5.843362335677015,191831.42600157813
5.843362335677015,5.843362335677015,372701.18091896316
5.843362335677015,5.843362335677015,426698.98777687305
5.843362335677015,5.843362335677015,803852.18466328178
5.843362335677015,5.843362335677015,1007602.0493549086
5.843362335677015,5.843362335677015,1182265.4880295857
5.843362335677015,5.843362335677015,1687772.6656192197
5.843362335677015,5.843362335677015,2233915.1666464014
5.843362335677015,5.843362335677015,2691198.751157654
5.9376101152847083,5.9376101152847083,147003.57688839867
5.9376101152847083,5.9376101152847083,152836.95699225875
5.9376101152847083,5.9376101152847083,336852.53088626178
5.9376101152847083,5.9376101152847083,399977.4370494734
5.9376101152847083,5.9376101152847083,808386.13831364899
5.9376101152847083,5.9376101152847083,1008145.0011791884
5.9376101152847083,5.9376101152847083,1168042.8731956072
5.9376101152847083,5.9376101152847083,1686616.4085367098
5.9376101152847083,5.9376101152847083,2235621.3551837038
5.9376101152847083,5.9376101152847083,2708122.8202395095
6.0318578948924024,6.0318578948924024,109872.10284762352
6.0318578948924024,6.0318578948924024,128305.25540801146
6.0318578948924024,6.0318578948924024,291268.679795495
6.0318578948924024,6.0318578948924024,393561.11659249803
6.0318578948924024,6.0318578948924024,812008.85275261127
6.0318578948924024,6.0318578948924024,1009670.8241663268
6.0318578948924024,6.0318578948924024,1156379.902853267
6.0318578948924024,6.0318578948924024,1685768.2018495596
6.0318578948924024,6.0318578948924024,2236871.9870118848
6.0318578948924024,6.0318578948924024,2722409.2910058754
6.1261056745000966,6.1261056745000966,68848.864221387441
6.1261056745000966,6.1261056745000966,90878.19960026849
6.1261056745000966,6.1261056745000966,259360.94238931313
6.1261056745000966,6.1261056745000966,391366.7867583654
6.1261056745000966,6.1261056745000966,814566.3539833558
6.1261056745000966,6.1261056745000966,1011405.0238765765
6.1261056745000966,6.1261056745000966,1147827.660519501
6.1261056745000966,6.1261056745000966,1685202.700548287
6.1261056745000966,6.1261056745000966,2237704.9091108488
6.1261056745000966,6.1261056745000966,2733509.1475355658
6.2203534541077907,6.2203534541077907,27569.519237585584
6.2203534541077907,6.2203534541077907,38731.895308006693
6.2203534541077907,6.2203534541077907,244477.61638628313
6.2203534541077907,6.2203534541077907,390501.22121231718
6.2203534541077907,6.2203534541077907,815967.7915431452
6.2203534541077907,6.2203534541077907,1012620.4263518266
6.2203534541077907,6.2203534541077907,1142978.5903679167
6.2203534541077907,6.2203534541077907,1684903.120597665
6.2203534541077907,6.2203534541077907,2238145.7779960032
6.2203534541077907,6.2203534541077907,2740400.8022993542
6.3146012337154822,6.3146012337154822,13786.777438186295
6.3146012337154822,6.3146012337154822,19530.865985842418
6.3146012337154822,6.3146012337154822,242557.19818346179
6.3146012337154822,6.3146012337154822,390389.83930680988
6.3146012337154822,6.3146012337154822,816169.31637790822
6.3146012337154822,6.3146012337154822,1012812.224626045
6.3146012337154822,6.3146012337154822,1142269.7901019144
6.3146012337154822,6.3146012337154822,1684860.6023432908
6.3146012337154822,6.3146012337154822,2238208.3245484997
6.3146012337154822,6.3146012337154822,2741478.722693128
6.4088490133231781,6.4088490133231781,55105.613685274133
6.4088490133231781,6.4088490133231781,74762.628158076623
6.4088490133231781,6.4088490133231781,252693.94375808525
6.4088490133231781,6.4088490133231781,390975.8875100771
6.4088490133231781,6.4088490133231781,815164.96528008289
6.4088490133231781,6.4088490133231781,1011899.5054484402
6.4088490133231781,6.4088490133231781,1145772.7347715343
6.4088490133231781,6.4088490133231781,1685073.8900050733
6.4088490133231781,6.4088490133231781,2237894.5054074014
6.4088490133231781,6.4088490133231781,2736346.8893385567
6.5030967929308714,6.5030967929308714,96248.00357028516
6.5030967929308714,6.5030967929308714,117784.8786928136
6.5030967929308714,6.5030967929308714,278644.03054684808
6.5030967929308714,6.5030967929308714,392599.85136880458
6.5030967929308714,6.5030967929308714,812985.31137707341
6.5030967929308714,6.5030967929308714,1010263.8219723837
6.5030967929308714,6.5030967929308714,1153153.6332355307
6.5030967929308714,6.5030967929308714,1685549.287097231
6.5030967929308714,6.5030967929308714,2237194.5250523589
6.5030967929308714,6.5030967929308714,2726499.5540738227
6.5973445725385655,6.5973445725385655,136511.71810126372
6.5973445725385655,6.5973445725385655,144331.18014423465
6.5973445725385655,6.5973445725385655,321031.59060054744
6.5973445725385655,6.5973445725385655,396886.95319276064
6.5973445725385655,6.5973445725385655,809704.0857034974
6.5973445725385655,6.5973445725385655,1008582.5098582015
6.5973445725385655,6.5973445725385655,1163845.9183590428
6.5973445725385655,6.5973445725385655,1686300.8823222478
6.5973445725385655,6.5973445725385655,2236086.7265128805
6.5973445725385655,6.5973445725385655,2713200.1047803904
6.6915923521462588,6.6915923521462588,155969.33100879326
6.6915923521462588,6.6915923521462588,178497.45017874113
6.6915923521462588,6.6915923521462588,364127.99049108807
6.6915923521462588,6.6915923521462588,413702.1590096656
6.6915923521462588,6.6915923521462588,805451.98314717587
6.6915923521462588,6.6915923521462588,1007626.4516918783
6.6915923521462588,6.6915923521462588,1177269.0397501758
6.6915923521462588,6.6915923521462588,1687351.0739041572
6.6915923521462588,6.6915923521462588,2234537.3615226857
6.6915923521462588,6.6915923521462588,2697107.3060380523
6.7858401317539538,6.7858401317539538,162426.74987262118
6.7858401317539538,6.7858401317539538,218400.39509026179
6.7858401317539538,6.7858401317539538,381400.86485821952
6.7858401317539538,6.7858401317539538,462305.19681168668
6.7858401317539538,6.7858401317539538,800438.15951768775
6.7858401317539538,6.7858401317539538,1008165.1129154586
6.7858401317539538,6.7858401317539538,1192958.020086325
6.7858401317539538,6.7858401317539538,1688731.4604497857
6.7858401317539538,6.7858401317539538,2232500.2686545355
6.7858401317539538,6.7858401317539538,2678649.7490916932
6.8800879113616471,6.8800879113616471,165415.87924698662
6.8800879113616471,6.8800879113616471,257585.20603896648
6.8800879113616471,6.8800879113616471,387050.61805428652
6.8800879113616471,6.8800879113616471,524044.24101830192
6.8800879113616471,6.8800879113616471,794987.49268088909
6.8800879113616471,6.8800879113616471,1010985.8016841932
6.8800879113616471,6.8800879113616471,1210604.1769052232
6.8800879113616471,6.8800879113616471,1690484.2235988616
6.8800879113616471,6.8800879113616471,2229916.5178087205
6.8800879113616471,6.8800879113616471,2658198.6864114241
6.9743356909693404,6.9743356909693404,166589.13032883251
6.9743356909693404,6.9743356909693404,295324.46503943368
6.9743356909693404,6.9743356909693404,391306.91468123317
6.9743356909693404,6.9743356909693404,586066.31265424902
6.9743356909693404,6.9743356909693404,789626.08239653299
6.9743356909693404,6.9743356909693404,1016975.9068580131
6.9743356909693404,6.9743356909693404,1230057.6208998752
6.9743356909693404,6.9743356909693404,1692664.2183718993
6.9743356909693404,6.9743356909693404,2226714.1321029067
6.9743356909693404,6.9743356909693404,2636113.4483326981
7.0685834705770345,7.0685834705770345,166680.23807288412
7.0685834705770345,7.0685834705770345,330110.96347846725
7.0685834705770345,7.0685834705770345,397128.64849951683
7.0685834705770345,7.0685834705770345,643765.40704896091
7.0685834705770345,7.0685834705770345,785330.98170026101
7.0685834705770345,7.0685834705770345,1027202.874087963
7.0685834705770345,7.0685834705770345,1251327.1044210712
7.0685834705770345,7.0685834705770345,1695342.1400815924
7.0685834705770345,7.0685834705770345,2222808.0902420627
7.0685834705770345,7.0685834705770345,2612747.3689470482
7.1628312501847278,7.1628312501847278,166054.17982465599
7.1628312501847278,7.1628312501847278,357970.93461969111
7.1628312501847278,7.1628312501847278,408617.48021067644
7.1628312501847278,7.1628312501847278,692662.5667151903
7.1628312501847278,7.1628312501847278,784359.45693176542
7.1628312501847278,7.1628312501847278,1042875.1835819755
7.1628312501847278,7.1628312501847278,1274590.9903408431
7.1628312501847278,7.1628312501847278,1698609.4046479755
7.1628312501847278,7.1628312501847278,2218100.9683639295
7.1628312501847278,7.1628312501847278,2588445.5922857951
7.2570790297924219,7.2570790297924219,164908.93801964185
7.2570790297924219,7.2570790297924219,373926.89481233986
7.2570790297924219,7.2570790297924219,430490.88152411178
7.2570790297924219,7.2570790297924219,725778.33735608379
7.2570790297924219,7.2570790297924219,792044.23669967265
7.2570790297924219,7.2570790297924219,1064985.8055187324
7.2570790297924219,7.2570790297924219,1300217.1886288235
7.2570790297924219,7.2570790297924219,1702585.859523965
7.2570790297924219,7.2570790297924219,2212484.8333668825
7.2570790297924219,7.2570790297924219,2563543.407360849
7.3513268094001152,7.3513268094001152,163360.59351307739
7.3513268094001152,7.3513268094001152,381373.4925669583
7.3513268094001152,7.3513268094001152,458837.45747475786
7.3513268094001152,7.3513268094001152,739596.14939226466
7.3513268094001152,7.3513268094001152,811327.07967934839
7.3513268094001152,7.3513268094001152,1093562.7105423776
7.3513268094001152,7.3513268094001152,1328769.7396865566
7.3513268094001152,7.3513268094001152,1707432.3116400123
7.3513268094001152,7.3513268094001152,2205845.3873945959
7.3513268094001152,7.3513268094001152,2538366.0868624998
7.4455745890078102,7.4455745890078102,161482.4940560777
7.4455745890078102,7.4455745890078102,385630.64012777217
7.4455745890078102,7.4455745890078102,487554.6979502865
7.4455745890078102,7.4455745890078102,744137.13587508386
7.4455745890078102,7.4455745890078102,833306.30861999304
7.4455745890078102,7.4455745890078102,1127045.0337337283
7.4455745890078102,7.4455745890078102,1360944.47051801
7.4455745890078102,7.4455745890078102,1713371.4112867899
7.4455745890078102,7.4455745890078102,2198069.9138071542
7.4455745890078102,7.4455745890078102,2513228.8210372506
7.5398223686155035,7.5398223686155035,159324.72943901608
7.5398223686155035,7.5398223686155035,388758.59666567104
7.5398223686155035,7.5398223686155035,513532.52982949035
7.5398223686155035,7.5398223686155035,747950.10538383678
7.5398223686155035,7.5398223686155035,852072.31748338649
7.5398223686155035,7.5398223686155035,1162615.2496934514
7.5398223686155035,7.5398223686155035,1397342.2086327435
7.5398223686155035,7.5398223686155035,1720723.0265834278
7.5398223686155035,7.5398223686155035,2189061.2879972281
7.5398223686155035,7.5398223686155035,2488434.7284006858
7.6340701482231967,7.6340701482231967,156924.51520552684
7.6340701482231967,7.6340701482231967,391452.35549161158
7.6340701482231967,7.6340701482231967,534900.38049429469
7.6340701482231967,7.6340701482231967,754552.13916671625
7.6340701482231967,7.6340701482231967,867296.13608262886
7.6340701482231967,7.6340701482231967,1197368.1781543221
7.6340701482231967,7.6340701482231967,1438039.7732901839
7.6340701482231967,7.6340701482231967,1729963.6404354533
7.6340701482231967,7.6340701482231967,2178761.1695054416
7.6340701482231967,7.6340701482231967,2464269.6487466469
7.7283179278308909,7.7283179278308909,154312.10264378565
7.7283179278308909,7.7283179278308909,393988.73214294785
7.7283179278308909,7.7283179278308909,550482.95205541595
7.7283179278308909,7.7283179278308909,765370.8330897874
7.7283179278308909,7.7283179278308909,880210.32222175598
7.7283179278308909,7.7283179278308909,1229324.4848844567
7.7283179278308909,7.7283179278308909,1482123.4891623179
7.7283179278308909,7.7283179278308909,1741819.0973770549
7.7283179278308909,7.7283179278308909,2167186.6179884188
7.7283179278308909,7.7283179278308909,2440992.0762306373
7.8225657074385841,7.8225657074385841,151514.36303321464
7.8225657074385841,7.8225657074385841,396498.05843305623
7.8225657074385841,7.8225657074385841,560033.02053679398
7.8225657074385841,7.8225657074385841,780333.33197660267
7.8225657074385841,7.8225657074385841,892300.24330277799
7.8225657074385841,7.8225657074385841,1257684.2145339192
7.8225657074385841,7.8225657074385841,1527492.3018086534
7.8225657074385841,7.8225657074385841,1757373.8324061022
7.8225657074385841,7.8225657074385841,2154486.6412025038
7.8225657074385841,7.8225657074385841,2418821.0193897048
7.9168134870462783,7.9168134870462783,148557.10262403407
7.9168134870462783,7.9168134870462783,399050.55034006294
7.9168134870462783,7.9168134870462783,564260.91670612129
7.9168134870462783,7.9168134870462783,797972.1765120558
7.9168134870462783,7.9168134870462783,905131.67323858698
7.9168134870462783,7.9168134870462783,1282479.4370057548
7.9168134870462783,7.9168134870462783,1571086.1474952193
7.9168134870462783,7.9168134870462783,1778057.438472959
7.9168134870462783,7.9168134870462783,2141031.6001311801
7.9168134870462783,7.9168134870462783,2397924.9324718392
8.0110612666539716,8.0110612666539716,145466.65126893882
8.0110612666539716,8.0110612666539716,401688.40498358506
8.0110612666539716,8.0110612666539716,564383.11442131072
8.0110612666539716,8.0110612666539716,815948.2551099608
8.0110612666539716,8.0110612666539716,920359.62550763064
8.0110612666539716,8.0110612666539716,1304103.0906203685
8.0110612666539716,8.0110612666539716,1609638.3944395729
8.0110612666539716,8.0110612666539716,1805095.403519901
8.0110612666539716,8.0110612666539716,2127566.3059010464
8.0110612666539716,8.0110612666539716,2378418.9731422639
8.1053090462616666,8.1053090462616666,142271.01119519351
8.1053090462616666,8.1053090462616666,404439.38147649186
8.1053090462616666,8.1053090462616666,561609.28083013091
8.1053090462616666,8.1053090462616666,831955.68194974936
8.1053090462616666,8.1053090462616666,939418.6925376578
8.1053090462616666,8.1053090462616666,1323005.3751409659
8.1053090462616666,8.1053090462616666,1641022.3592763545
8.1053090462616666,8.1053090462616666,1838062.6772481848
8.1053090462616666,8.1053090462616666,2115498.0566449235
8.1053090462616666,8.1053090462616666,2360378.5034965007
8.1995568258693599,8.1995568258693599,139000.71620186421
8.1995568258693599,8.1995568258693599,407323.13271074742
8.1995568258693599,8.1995568258693599,556898.95037163887
8.1995568258693599,8.1995568258693599,844696.48901722475
8.1995568258693599,8.1995568258693599,962850.81171923201
8.1995568258693599,8.1995568258693599,1339573.0886966523
8.1995568258693599,8.1995568258693599,1665200.9655714545
8.1995568258693599,8.1995568258693599,1873411.0674492267
8.1995568258693599,8.1995568258693599,2107429.0136911385
8.1995568258693599,8.1995568258693599,2343877.5228176969
8.2938046054770531,8.2938046054770531,135689.47376298104
8.2938046054770531,8.2938046054770531,410354.34293371788
8.2938046054770531,8.2938046054770531,550940.12116073817
8.2938046054770531,8.2938046054770531,854175.60395473859
8.2938046054770531,8.2938046054770531,990069.10752931656
8.2938046054770531,8.2938046054770531,1354108.8225531792
8.2938046054770531,8.2938046054770531,1683533.3109206588
8.2938046054770531,8.2938046054770531,1904480.7010142335
8.2938046054770531,8.2938046054770531,2107731.6877994966
8.2938046054770531,8.2938046054770531,2329067.0316697089
8.3880523850847482,8.3880523850847482,132374.61383504147
8.3880523850847482,8.3880523850847482,413544.28631893732
8.3880523850847482,8.3880523850847482,544208.44476892741
8.3880523850847482,8.3880523850847482,861092.17553603009
8.3880523850847482,8.3880523850847482,1019928.8429040747
8.3880523850847482,8.3880523850847482,1366845.7014785972
8.3880523850847482,8.3880523850847482,1697426.1459690195
8.3880523850847482,8.3880523850847482,1923993.7538386814
8.3880523850847482,8.3880523850847482,2121195.022574544
8.3880523850847482,8.3880523850847482,2316337.2129263398
8.4823001646924414,8.4823001646924414,129097.33429289598
8.4823001646924414,8.4823001646924414,416901.48241223459
8.4823001646924414,8.4823001646924414,537031.76131037367
8.4823001646924414,8.4823001646924414,866189.79044084868
8.4823001646924414,8.4823001646924414,1051322.7554120943
8.4823001646924414,8.4823001646924414,1377967.9333641136
8.4823001646924414,8.4823001646924414,1707687.0891347132
8.4823001646924414,8.4823001646924414,1929723.8185421485
8.4823001646924414,8.4823001646924414,2147575.1073221918
8.4823001646924414,8.4823001646924414,2306705.3535767179
8.5765479443001347,8.5765479443001347,125902.70724864374
8.5765479443001347,8.5765479443001347,420431.70106341579
8.5765479443001347,8.5765479443001347,529639.31834193855
8.5765479443001347,8.5765479443001347,870022.87036569545
8.5765479443001347,8.5765479443001347,1083366.829800487
8.5765479443001347,8.5765479443001347,1387627.3709768283
8.5765479443001347,8.5765479443001347,1714503.2132055403
8.5765479443001347,8.5765479443001347,1925993.8476035341
8.5765479443001347,8.5765479443001347,2179107.86396062
8.5765479443001347,8.5765479443001347,2302805.2009946811
8.6707957239078279,8.6707957239078279,122839.39103170518
8.6707957239078279,8.6707957239078279,424137.31369165855
8.6707957239078279,8.6707957239078279,522195.69716139865
8.6707957239078279,8.6707957239078279,872960.80247407022
8.6707957239078279,8.6707957239078279,1115356.0897811381
8.6707957239078279,8.6707957239078279,1395954.4271851045
8.6707957239078279,8.6707957239078279,1717642.5216182512
8.6707957239078279,8.6707957239078279,1918311.4421570189
8.6707957239078279,8.6707957239078279,2204302.7291588518
8.6707957239078279,8.6707957239078279,2310255.2496947083
8.765043503515523,8.765043503515523,119958.98084469991
8.765043503515523,8.765043503515523,428015.72716289054
8.765043503515523,8.765043503515523,514824.08103937516
8.765043503515523,8.765043503515523,875243.42257206282
8.765043503515523,8.765043503515523,1146672.3632513417
8.765043503515523,8.765043503515523,1403064.2437801561
8.765043503515523,8.765043503515523,1716763.1113796339
8.765043503515523,8.765043503515523,1910436.187271334
8.765043503515523,8.765043503515523,2215117.2361148219
8.765043503515523,8.765043503515523,2333129.9844225869
8.8592912831232162,8.8592912831232162,117314.93166052658
8.8592912831232162,8.8592912831232162,432056.19489173702
8.8592912831232162,8.8592912831232162,507623.52287585835
8.8592912831232162,8.8592912831232162,877027.4851728346
8.8592912831232162,8.8592912831232162,1176699.8905489843
8.8592912831232162,8.8592912831232162,1409059.3862492724
8.8592912831232162,8.8592912831232162,1711813.8588992239
8.8592912831232162,8.8592912831232162,1904398.9793978762
8.8592912831232162,8.8592912831232162,2215050.8018997577
8.8592912831232162,8.8592912831232162,2365490.9422778804
8.9535390627309113,8.9535390627309113,114961.00662977304
8.9535390627309113,8.9535390627309113,436233.31929358526
8.9535390627309113,8.9535390627309113,500684.64917722589
8.9535390627309113,8.9535390627309113,878417.08541349578
8.9535390627309113,8.9535390627309113,1204753.5547904014
8.9535390627309113,8.9535390627309113,1414029.8733268892
8.9535390627309113,8.9535390627309113,1703374.1917317833
8.9535390627309113,8.9535390627309113,1900887.2656894093
8.9535390627309113,8.9535390627309113,2210504.9826726508
8.9535390627309113,8.9535390627309113,2399363.6287271511
9.0477868423386045,9.0477868423386045,112949.25012764081
9.0477868423386045,9.0477868423386045,440493.09345551819
9.0477868423386045,9.0477868423386045,494109.71430700721
9.0477868423386045,9.0477868423386045,879482.33735312044
9.0477868423386045,9.0477868423386045,1230018.8138172452
9.0477868423386045,9.0477868423386045,1418050.5505025324
9.0477868423386045,9.0477868423386045,1692707.0726418342
9.0477868423386045,9.0477868423386045,1899630.7083466067
9.0477868423386045,9.0477868423386045,2204782.4501193683
9.0477868423386045,9.0477868423386045,2430365.6150949132
9.1420346219462978,9.1420346219462978,111327.55958934377
9.1420346219462978,9.1420346219462978,444720.74048902391
9.1420346219462978,9.1420346219462978,488048.84296843206
9.1420346219462978,9.1420346219462978,880270.72124961484
9.1420346219462978,9.1420346219462978,1251514.8516801284
9.1420346219462978,9.1420346219462978,1421175.2314552255
9.1420346219462978,9.1420346219462978,1681528.6979376096
9.1420346219462978,9.1420346219462978,1899867.5225712028
9.1420346219462978,9.1420346219462978,2199371.2055713139
9.1420346219462978,9.1420346219462978,2456232.513339289
9.2362824015539911,9.2362824015539911,110137.02790414949
9.2362824015539911,9.2362824015539911,448662.93549375987
9.2362824015539911,9.2362824015539911,482780.55290773889
9.2362824015539911,9.2362824015539911,880814.00745032786
9.2362824015539911,9.2362824015539911,1268115.3627763595
9.2362824015539911,9.2362824015539911,1423428.3440724183
9.2362824015539911,9.2362824015539911,1671702.9284189455
9.2362824015539911,9.2362824015539911,1900748.6786928698
9.2362824015539911,9.2362824015539911,2195051.0920174718
9.2362824015539911,9.2362824015539911,2475606.442242661
9.3305301811616843,9.3305301811616843,109409.32773486903
9.3305301811616843,9.3305301811616843,451757.89607200574
9.3305301811616843,9.3305301811616843,478883.48880268162
9.3305301811616843,9.3305301811616843,881132.47768954735
9.3305301811616843,9.3305301811616843,1278679.6324890528
9.3305301811616843,9.3305301811616843,1424800.7899817415
9.3305301811616843,9.3305301811616843,1664954.5613235873
9.3305301811616843,9.3305301811616843,1901574.8279165416
9.3305301811616843,9.3305301811616843,2192284.8510415391
9.3305301811616843,9.3305301811616843,2487594.2161035244
9.4247779607693793,9.4247779607693793,109164.47724843815
9.4247779607693793,9.4247779607693793,453010.33783421968
9.4247779607693793,9.4247779607693793,477362.62539708073
9.4247779607693793,9.4247779607693793,881237.42550390051
9.4247779607693793,9.4247779607693793,1282315.4854632383
9.4247779607693793,9.4247779607693793,1425263.642361722
9.4247779607693793,9.4247779607693793,1662547.7272886545
9.4247779607693793,9.4247779607693793,1901900.7970809296
9.4247779607693793,9.4247779607693793,2191334.0157060451
9.4247779607693793,9.4247779607693793,2491652.3987177727
