0,0,3.6492489455134235E-7i
0,0,3.731387474419164E-7i
0,0,0.13830230310133645
0,0,0.13832894708296437
0,0,0.18017628249850842
0,0,0.29721730919717082
0,0,0.53231776330244318
0,0,0.5324798221312329
0,0,0.63405695857909261
0,0,0.81945645133253431
0.031415926535897934,0.031415926535897934,0.0037415928147932795-9.548984133513301E-17i
0.031415926535897934,0.031415926535897934,0.003957100170239369+4.38664372673532E-16i
0.031415926535897934,0.031415926535897934,0.13830178397155454-3.8796830320198857E-16i
0.031415926535897934,0.031415926535897934,0.1383257357914535+2.391179540997743E-16i
0.031415926535897934,0.031415926535897934,0.1802353532572316+1.7442642837777626E-16i
0.031415926535897934,0.031415926535897934,0.29722181779946355-9.411582259191502E-16i
0.031415926535897934,0.031415926535897934,0.5323201343473615+2.4106418546437983E-15i
0.031415926535897934,0.031415926535897934,0.532427220319465-2.3168742740090346E-15i
0.031415926535897934,0.031415926535897934,0.6341075107796186+4.753583728936372E-15i
0.031415926535897934,0.031415926535897934,0.8194282061087605+4.0168772659192855E-13i
0.062831853071795868,0.062831853071795868,0.007478785510372477-2.526340602120035E-16i
0.062831853071795868,0.062831853071795868,0.007909694928019911+6.400567614956602E-16i
0.062831853071795868,0.062831853071795868,0.13822169150779842-1.405461432734559E-16i
0.062831853071795868,0.062831853071795868,0.13839565259147524
0.062831853071795868,0.062831853071795868,0.18041196704618892+1.7300526248927893E-16i
0.062831853071795868,0.062831853071795868,0.29723536394651145+2.530943275426258E-16i
0.062831853071795868,0.062831853071795868,0.5322678712760303+6.989942379893237E-16i
0.062831853071795868,0.062831853071795868,0.5323291371357507+5.38619849837104E-16i
0.062831853071795868,0.062831853071795868,0.6342587928960911-9.809628753893983E-16i
0.062831853071795868,0.062831853071795868,0.8193434118008329+1.4581452621684275E-12i
0.094247779607693788,0.094247779607693788,0.011207118492866175+1.804589491295883E-16i
0.094247779607693788,0.094247779607693788,0.011853237857727211+1.9863214078889795E-18i
0.094247779607693788,0.094247779607693788,0.13809081080665567-2.3299799989549674E-16i
0.094247779607693788,0.094247779607693788,0.13851292479044278-7.586710519371817E-17i
0.094247779607693788,0.094247779607693788,0.18070436847834698+2.5911919224745265E-16i
0.094247779607693788,0.094247779607693788,0.2972580087828966-1.2715662289292663E-16i
0.094247779607693788,0.094247779607693788,0.5320064648516476+3.68367666395954E-16i
0.094247779607693788,0.094247779607693788,0.5323411092877585-3.810148172733903E-16i
0.094247779607693788,0.094247779607693788,0.6345096919193515-2.795128564811944E-16i
0.094247779607693788,0.094247779607693788,0.8192018927525047+1.3033205809681882E-12i
0.12566370614359174,0.12566370614359174,0.01492201225631781-1.2285398343542474E-16i
0.12566370614359174,0.12566370614359174,0.015783100794629665+7.969466732144732E-16i
0.12566370614359174,0.12566370614359174,0.13791317173315104-2.417454757754356E-16i
0.12566370614359174,0.12566370614359174,0.13867843432535987-1.6746175332347613E-17i
0.12566370614359174,0.12566370614359174,0.18110975968129048+2.9289588210739373E-16i
0.12566370614359174,0.12566370614359174,0.29728985462984664+3.8057166892974924E-17i
0.12566370614359174,0.12566370614359174,0.5316419495225213-1.0552757641236992E-16i
0.12566370614359174,0.12566370614359174,0.5323587799875892-8.525844758424078E-17i
0.12566370614359174,0.12566370614359174,0.6348583868812626+3.682057690704376E-16i
0.12566370614359174,0.12566370614359174,0.8190033569925721+1.2225842003586832E-12i
0.15707963267948966,0.15707963267948966,0.018618704565748715+9.498860012155156E-17i
0.15707963267948966,0.15707963267948966,0.019694533212705968+8.093100275083077E-17i
0.15707963267948966,0.15707963267948966,0.13769411133327433-4.717950575451953E-16i
0.15707963267948966,0.15707963267948966,0.13889351079396695+9.214712031655147E-17i
0.15707963267948966,0.15707963267948966,0.18162447306315946+3.6351064261538185E-16i
0.15707963267948966,0.15707963267948966,0.2973310456096666+6.155901592054765E-17i
0.15707963267948966,0.15707963267948966,0.5311772032317688+2.133204235255037E-16i
0.15707963267948966,0.15707963267948966,0.532381549531111+1.4631811614405346E-16i
0.15707963267948966,0.15707963267948966,0.6353023973407431+3.1598812334227643E-16i
0.15707963267948966,0.15707963267948966,0.818747397458317+1.3280564997142092E-12i
0.18849555921538758,0.18849555921538758,0.02229218440729492-6.760182251029757E-16i
0.18849555921538758,0.18849555921538758,0.02358262222807188-5.153763227849357E-16i
0.18849555921538758,0.18849555921538758,0.1374401513338352-1.1013470364576127E-16i
0.18849555921538758,0.18849555921538758,0.13915988425162876+5.958599975432315E-17i
0.18849555921538758,0.18849555921538758,0.18224418015390004+2.242001726844875E-16i
0.18849555921538758,0.18849555921538758,0.2973817685277894-7.850891789291096E-17i
0.18849555921538758,0.18849555921538758,0.5306151011631844-1.0121865923777591E-16i
0.18849555921538758,0.18849555921538758,0.5324093569175049-1.7333485072678915E-16i
0.18849555921538758,0.18849555921538758,0.6358386464228244+1.4071176309527338E-16i
0.18849555921538758,0.18849555921538758,0.8184334937898472+1.3179626481312008E-12i
0.21991148575128552,0.21991148575128552,0.025937121724224695-1.012787831835148E-15i
0.21991148575128552,0.21991148575128552,0.02744225368479079+1.556816329407792E-16i
0.21991148575128552,0.21991148575128552,0.1371588178145566-3.2756541991236983E-16i
0.21991148575128552,0.21991148575128552,0.13947969387604545
0.21991148575128552,0.21991148575128552,0.18296411279964678+2.5205037854560003E-16i
0.21991148575128552,0.21991148575128552,0.29744225402041513-3.613593344313515E-17i
0.21991148575128552,0.21991148575128552,0.5299589536417604-7.068118205532287E-17i
0.21991148575128552,0.21991148575128552,0.5324421664065883-1.0277959366914415E-16i
0.21991148575128552,0.21991148575128552,0.6364635342744697+9.297854110276284E-17i
0.21991148575128552,0.21991148575128552,0.8180610147600799+1.1628130401747403E-12i
0.25132741228718347,0.25132741228718347,0.029547792219389073+2.6739642903898965E-16i
0.25132741228718347,0.25132741228718347,0.031268075136064555-1.3654087306760787E-16i
0.25132741228718347,0.25132741228718347,0.1368584764175144-6.66914824442221E-16i
0.25132741228718347,0.25132741228718347,0.13985549903590555+1.3089256376512365E-16i
0.25132741228718347,0.25132741228718347,0.1837792758444373+2.6567850951549295E-16i
0.25132741228718347,0.25132741228718347,0.29751277797797121
0.25132741228718347,0.25132741228718347,0.5292124481273476+1.3851850086443598E-16i
0.25132741228718347,0.25132741228718347,0.53247994350765-1.1458326346242488E-16i
0.25132741228718347,0.25132741228718347,0.6371730174779752-9.370980788497844E-17i
0.25132741228718347,0.25132741228718347,0.817629221435441+9.25527630849948E-13i
0.28274333882308139,0.28274333882308139,0.03311799686377186+2.1803673154771483E-16i
0.28274333882308139,0.28274333882308139,0.03505446192660791+5.657980172487462E-16i
0.28274333882308139,0.28274333882308139,0.13654819984462593-3.2937486913726747E-16i
0.28274333882308139,0.28274333882308139,0.14029028966798984+9.756652554934533E-17i
0.28274333882308139,0.28274333882308139,0.18468463600461277+4.652707735298808E-16i
0.28274333882308139,0.28274333882308139,0.29759366325703884+8.423815760222746E-17i
0.28274333882308139,0.28274333882308139,0.5283795692019889-9.765510303262865E-17i
0.28274333882308139,0.28274333882308139,0.5325226508198139+7.546877759174366E-17i
0.28274333882308139,0.28274333882308139,0.6379626900680088+1.2232105923239016E-16i
0.28274333882308139,0.28274333882308139,0.8171372711748719+6.906384571925185E-13i
0.31415926535897931,0.31415926535897931,0.03664097634600686+3.8028809242463125E-16i
0.31415926535897931,0.31415926535897931,0.03879548808103059+5.357728796114373E-16i
0.31415926535897931,0.31415926535897931,0.13623767599770192-4.784387000161355E-16i
0.31415926535897931,0.31415926535897931,0.14078749380768102+2.4000710903187603E-16i
0.31415926535897931,0.31415926535897931,0.18567527808134598+5.10512109983019E-16i
0.31415926535897931,0.31415926535897931,0.29768528169565206-1.6390717778139184E-16i
0.31415926535897931,0.31415926535897931,0.52746451720072673
0.31415926535897931,0.31415926535897931,0.5325702469314496+1.0590528392582893E-16i
0.31415926535897931,0.31415926535897931,0.6388278622542672+2.7902004409521947E-16i
0.31415926535897931,0.31415926535897931,0.8165842225866953+5.219074124504857E-13i
0.34557519189487729,0.34557519189487729,0.040109321642008+4.464959041714965E-16i
0.34557519189487729,0.34557519189487729,0.042484904305972064+1.1572541561237922E-15i
0.34557519189487729,0.34557519189487729,0.1359371582399318-4.0371184747727077E-16i
0.34557519189487729,0.34557519189487729,0.14135097969086857+2.274371567580763E-16i
0.34557519189487729,0.34557519189487729,0.18674652548706716+5.860365510009705E-16i
0.34557519189487729,0.34557519189487729,0.29778805644941153-1.3445841068049282E-16i
0.34557519189487729,0.34557519189487729,0.5264716309550653-7.622491733632515E-17i
0.34557519189487729,0.34557519189487729,0.53262268606394969
0.34557519189487729,0.34557519189487729,0.639763633647198+1.835054642074285E-16i
0.34557519189487729,0.34557519189487729,0.8159690415706808+4.520212942463212E-13i
0.37699111843077515,0.37699111843077515,0.04351488332583182-5.816049668169118E-16i
0.37699111843077515,0.37699111843077515,0.046116126103017824-1.2996755208893808E-16i
0.37699111843077515,0.37699111843077515,0.13565745345329278-7.587335308723979E-16i
0.37699111843077515,0.37699111843077515,0.14198504919969798-5.0820279608968636E-17i
0.37699111843077515,0.37699111843077515,0.1878940264510628+5.302048025380188E-16i
0.37699111843077515,0.37699111843077515,0.29790246466810116-1.37429394653479E-16i
0.37699111843077515,0.37699111843077515,0.52540531748995745
0.37699111843077515,0.37699111843077515,0.5326799179512084+1.1576725191794195E-16i
0.37699111843077515,0.37699111843077515,0.6407649585984325+3.06254750921888E-16i
0.37699111843077515,0.37699111843077515,0.8152906085748579+4.904710114731834E-13i
0.40840704496667307,0.40840704496667307,0.04684868435683453+2.557544058277054E-16i
0.40840704496667307,0.40840704496667307,0.049682235718354055+7.234330953309155E-16i
0.40840704496667307,0.40840704496667307,0.13540993876028654-5.979699085159926E-16i
0.40840704496667307,0.40840704496667307,0.14269441871585836+1.7713197434838334E-16i
0.40840704496667307,0.40840704496667307,0.189113810002886+7.156277127320778E-16i
0.40840704496667307,0.40840704496667307,0.29802904053494567-7.609484238863511E-17i
0.40840704496667307,0.40840704496667307,0.52426999031891697
0.40840704496667307,0.40840704496667307,0.53274188780895471
0.40840704496667307,0.40840704496667307,0.6418267020924854+1.8300763422401964E-16i
0.40840704496667307,0.40840704496667307,0.8145477271916819+6.293525816687788E-13i
0.43982297150257105,0.43982297150257105,0.05010084404731097+8.060448092656072E-16i
0.43982297150257105,0.43982297150257105,0.05317600233753062+5.536681841427133E-16i
0.43982297150257105,0.43982297150257105,0.13520659357624104-6.229076135248949E-16i
0.43982297150257105,0.43982297150257105,0.14348418277909286+4.531148326563702E-16i
0.43982297150257105,0.43982297150257105,0.19040231710659597+6.089562085298288E-16i
0.43982297150257105,0.43982297150257105,0.2981683786928279-6.846493853369723E-17i
0.43982297150257105,0.43982297150257105,0.5230700171244811+7.979740929465848E-17i
0.43982297150257105,0.43982297150257105,0.5328085363439176+1.3577388511873478E-16i
0.43982297150257105,0.43982297150257105,0.6429436853787308+2.340155549589412E-16i
0.43982297150257105,0.43982297150257105,0.8137391342053237+8.443677362102264E-13i
0.47123889803846897,0.47123889803846897,0.05326052485815061+8.414230726331024E-16i
0.47123889803846897,0.47123889803846897,0.056589925426284486+7.3945196376112E-16i
0.47123889803846897,0.47123889803846897,0.13506002954961824-5.31121475559466E-16i
0.47123889803846897,0.47123889803846897,0.14435975546996763+5.144908905533077E-16i
0.47123889803846897,0.47123889803846897,0.19175641251942535+6.124577957215007E-16i
0.47123889803846897,0.47123889803846897,0.2983211380838761-1.008495598775626E-16i
0.47123889803846897,0.47123889803846897,0.52180967694354075
0.47123889803846897,0.47123889803846897,0.5328797997833178+1.6908413620362038E-16i
0.47123889803846897,0.47123889803846897,0.6441107211603206+2.493556875471235E-16i
0.47123889803846897,0.47123889803846897,0.8128635111792438+1.1004475022439512E-12i
0.50265482457436694,0.50265482457436694,0.05631591853464753+9.875794676534844E-16i
0.50265482457436694,0.50265482457436694,0.0599163062163984-8.04724669215866E-17i
0.50265482457436694,0.50265482457436694,0.13498349658272038-9.37811922266875E-16i
0.50265482457436694,0.50265482457436694,0.1453267843517585+6.587931542244067E-16i
0.50265482457436694,0.50265482457436694,0.19317338248007515+5.7619755138738005E-16i
0.50265482457436694,0.50265482457436694,0.2984880462306264-7.27592643020976E-17i
0.50265482457436694,0.50265482457436694,0.5204931264770045+1.453835853173646E-16i
0.50265482457436694,0.50265482457436694,0.5329556099162056+5.974874176442283E-17i
0.50265482457436694,0.50265482457436694,0.6453226386357694+2.2941570281661704E-16i
0.50265482457436694,0.50265482457436694,0.8119194976404315+1.3673466183197539E-12i
0.53407075111026481,0.53407075111026481,0.059254293447337285+4.276523204323449E-16i
0.53407075111026481,0.53407075111026481,0.06314735177549141+3.8703757222752006E-16i
0.53407075111026481,0.53407075111026481,0.13499083860235936-7.414268480764828E-16i
0.53407075111026481,0.53407075111026481,0.14639103237914156+4.3197634657440114E-16i
0.53407075111026481,0.53407075111026481,0.19465092252834765+7.283167469512308E-16i
0.53407075111026481,0.53407075111026481,0.29866990398833865-1.1357746283074078E-16i
0.53407075111026481,0.53407075111026481,0.51912437479874+1.13218493690481E-16i
0.53407075111026481,0.53407075111026481,0.5330358941427487+3.3259993820144825E-16i
0.53407075111026481,0.53407075111026481,0.6465742990189639+3.5599684659314216E-16i
0.53407075111026481,0.53407075111026481,0.8109057058728036+1.6241863005822987E-12i
0.56548667764616278,0.56548667764616278,0.062062129759414865+2.336443669611837E-16i
0.56548667764616278,0.56548667764616278,0.06627531459540723+4.967609576975313E-16i
0.56548667764616278,0.56548667764616278,0.13509636891959959-9.505853432100146E-16i
0.56548667764616278,0.56548667764616278,0.1475582246976033+1.1150406014859992E-16i
0.56548667764616278,0.56548667764616278,0.19618711885350498+7.496435938491245E-16i
0.56548667764616278,0.56548667764616278,0.2988675907987505-2.1497858271231585E-16i
0.56548667764616278,0.56548667764616278,0.5177072655308639-8.28634665205173E-17i
0.56548667764616278,0.56548667764616278,0.53312057552936543
0.56548667764616278,0.56548667764616278,0.6478606023592799+4.1966030893224136E-16i
0.56548667764616278,0.56548667764616278,0.8098207372775323+1.8564406162765093E-12i
0.59690260418206076,0.59690260418206076,0.06472537118966276+4.178589004743718E-16i
0.59690260418206076,0.59690260418206076,0.06929266794669191+1.676715898185967E-16i
0.59690260418206076,0.59690260418206076,0.1353146337534528-7.897209648300231E-16i
0.59690260418206076,0.59690260418206076,0.1488338599573504+2.5477273443721366E-16i
0.59690260418206076,0.59690260418206076,0.19778042570531898+5.979071396530726E-16i
0.59690260418206076,0.59690260418206076,0.29908207047546215-4.679907497148302E-17i
0.59690260418206076,0.59690260418206076,0.51624546545652794
0.59690260418206076,0.59690260418206076,0.53320957286869852
0.59690260418206076,0.59690260418206076,0.649176486569405+5.102195582356895E-16i
0.59690260418206076,0.59690260418206076,0.8086632001934043+2.0531080294914413E-12i
0.62831853071795862,0.62831853071795862,0.06722981865114053+3.363959877765014E-16i
0.62831853071795862,0.62831853071795862,0.07219231329637017+1.8851750444196528E-16i
0.62831853071795862,0.62831853071795862,0.1356600367491796-1.0066951849957678E-15i
0.62831853071795862,0.62831853071795862,0.15022298972738435+2.9283430975000685E-16i
0.62831853071795862,0.62831853071795862,0.19942964065047253+7.101522385578484E-16i
0.62831853071795862,0.62831853071795862,0.2993143975497616-8.906540612830055E-17i
0.62831853071795862,0.62831853071795862,0.51474245853034373
0.62831853071795862,0.62831853071795862,0.53330280074376335
0.62831853071795862,0.62831853071795862,0.6505169195712693+5.978140191648345E-16i
0.62831853071795862,0.62831853071795862,0.8074317289978516+2.2074743379959644E-12i
0.6597344572538566,0.6597344572538566,0.06956167837004372+8.151450547977447E-18i
0.6597344572538566,0.6597344572538566,0.07496781109084448-5.043892156944871E-16i
0.6597344572538566,0.6597344572538566,0.1361463106256627-1.2701103750832254E-15i
0.6597344572538566,0.6597344572538566,0.15172997460355-2.5201442608218633E-17i
0.6597344572538566,0.6597344572538566,0.2011338788425627+5.094843479302067E-16i
0.6597344572538566,0.6597344572538566,0.2995657242026492-1.4231791783379088E-16i
0.6597344572538566,0.6597344572538566,0.5132015442952632-8.553253778290284E-17i
0.6597344572538566,0.6597344572538566,0.5334001695958507-1.499158692041107E-16i
0.6597344572538566,0.6597344572538566,0.6518768854163763+5.62454150323411E-16i
0.6597344572538566,0.6597344572538566,0.8061250042316583+2.315795157209713E-12i
0.69115038378975457,0.69115038378975457,0.07170825260728078+1.8178845387603234E-16i
0.69115038378975457,0.69115038378975457,0.07761362079086429-3.729168277537308E-16i
0.69115038378975457,0.69115038378975457,0.1367858470599839-1.2598418105580018E-15i
0.69115038378975457,0.69115038378975457,0.1533582310335623+6.226144954865626E-17i
0.69115038378975457,0.69115038378975457,0.2028925469947488+4.397590185190998E-16i
0.69115038378975457,0.69115038378975457,0.2998373078037258-2.1706432696812378E-16i
0.69115038378975457,0.69115038378975457,0.51162583980122422
0.69115038378975457,0.69115038378975457,0.53350158579596818
0.69115038378975457,0.69115038378975457,0.6532513651491374+5.698790217579995E-16i
0.69115038378975457,0.69115038378975457,0.804741773412454+2.3780247803910296E-12i
0.72256631032565244,0.72256631032565244,0.07365872562639653+7.926325504146927E-16i
0.72256631032565244,0.72256631032565244,0.0801253312561758-1.476644956915493E-16i
0.72256631032565244,0.72256631032565244,0.13758893176448753-1.3338368569750032E-15i
0.72256631032565244,0.72256631032565244,0.15510998768627285+6.411807228354304E-16i
0.72256631032565244,0.72256631032565244,0.20470531738463027+7.658310853421416E-16i
0.72256631032565244,0.72256631032565244,0.30013051906930976-2.265058897148413E-16i
0.72256631032565244,0.72256631032565244,0.51001828422748396
0.72256631032565244,0.72256631032565244,0.533606951719553-1.1015525866985245E-16i
0.72256631032565244,0.72256631032565244,0.6546353130801983+6.719201842900714E-16i
0.72256631032565244,0.72256631032565244,0.8032808721282589+2.397426609526652E-12i
0.7539822368615503,0.7539822368615503,0.07540495792985463+7.854656792545147E-16i
0.7539822368615503,0.7539822368615503,0.08249985972019148+6.12020708438554E-16i
0.7539822368615503,0.7539822368615503,0.13856297160075248-9.711749321859772E-16i
0.7539822368615503,0.7539822368615503,0.15698607306919593+5.137602580323527E-16i
0.7539822368615503,0.7539822368615503,0.20657210196301376+8.484802984552979E-16i
0.7539822368615503,0.7539822368615503,0.30044685084044215-1.8629059083640524E-16i
0.7539822368615503,0.7539822368615503,0.5083816455246638+7.06637849917182E-17i
0.7539822368615503,0.7539822368615503,0.5337161658243438+6.310724150739624E-17i
0.7539822368615503,0.7539822368615503,0.6560236290368625+7.710957553432784E-16i
0.7539822368615503,0.7539822368615503,0.8017412449393071+2.3787735163548765E-12i
0.78539816339744828,0.78539816339744828,0.07694217142826519+9.137892627100827E-16i
0.78539816339744828,0.78539816339744828,0.08473559787327911+1.918124458115598E-17i
0.78539816339744828,0.78539816339744828,0.13971183111422625-1.236587582674995E-15i
0.78539816339744828,0.78539816339744828,0.15898575584223995+6.330774367079777E-16i
0.78539816339744828,0.78539816339744828,0.20849302646269008+7.245077048148488E-16i
0.78539816339744828,0.78539816339744828,0.3007879274646233-1.712749622072641E-16i
0.78539816339744828,0.78539816339744828,0.5067185285046494+9.67722619059464E-17i
0.78539816339744828,0.78539816339744828,0.5338291227312358+1.4782582057874365E-16i
0.78539816339744828,0.78539816339744828,0.6574111270726309+8.317814456340413E-16i
0.78539816339744828,0.78539816339744828,0.8001219655693409+2.328455708326285E-12i
0.81681408993334614,0.81681408993334614,0.07826940308159228+6.408824625987959E-16i
0.81681408993334614,0.81681408993334614,0.08683248762825223-5.061888685297141E-16i
0.81681408993334614,0.81681408993334614,0.14103540111304586-1.6202401991496502E-15i
0.81681408993334614,0.81681408993334614,0.1611066552490986+5.803196871330609E-16i
0.81681408993334614,0.81681408993334614,0.21046840429535293+6.848518435222433E-16i
0.81681408993334614,0.81681408993334614,0.30115551474233343-3.4346928803297244E-16i
0.81681408993334614,0.81681408993334614,0.50503138391133562
0.81681408993334614,0.81681408993334614,0.5339457133079959+7.014998391727472E-17i
0.81681408993334614,0.81681408993334614,0.6587925010582338+9.234548594367621E-16i
0.81681408993334614,0.81681408993334614,0.7984222558426145+2.2524827645183753E-12i
0.84823001646924412,0.84823001646924412,0.07938963471281084-2.868039110898531E-16i
0.84823001646924412,0.84823001646924412,0.0887920166645248-4.465203453603177E-16i
0.84823001646924412,0.84823001646924412,0.1425294918104642-1.0776589676645146E-15i
0.84823001646924412,0.84823001646924412,0.16334473160001506+3.375098100126737E-16i
0.84823001646924412,0.84823001646924412,0.2124987099722448+7.508621595229427E-16i
0.84823001646924412,0.84823001646924412,0.3015515303690347-1.514386738411241E-16i
0.84823001646924412,0.84823001646924412,0.5033225180991893-1.3812451367160768E-16i
0.84823001646924412,0.84823001646924412,0.5340658247557019-8.592155210617552E-17i
0.84823001646924412,0.84823001646924412,0.6601622875523033+1.0612150994006223E-15i
0.84823001646924412,0.84823001646924412,0.7966415028243562+2.1555408580055057E-12i
0.87964594300514209,0.87964594300514209,0.08030956798481485-6.064156210338914E-16i
0.87964594300514209,0.87964594300514209,0.09061713350515359-8.198796187503892E-16i
0.87964594300514209,0.87964594300514209,0.1441860817695447-8.783718851435354E-16i
0.87964594300514209,0.87964594300514209,0.16569435712599315+2.2433820018635083E-16i
0.87964594300514209,0.87964594300514209,0.21458455177848126+5.287655235758501E-16i
0.87964594300514209,0.87964594300514209,0.3019780547635526-1.538359771533433E-16i
0.87964594300514209,0.87964594300514209,0.5015941030286962-1.6325831100589658E-16i
0.87964594300514209,0.87964594300514209,0.53418934069777424
0.87964594300514209,0.87964594300514209,0.6615148263704517+1.1275640127718166E-15i
0.87964594300514209,0.87964594300514209,0.7947792736528357+2.0394090390938174E-12i
0.91106186954103996,0.91106186954103996,0.08103908646053962+3.621104067838872E-16i
0.91106186954103996,0.91106186954103996,0.09231209164935383-3.3399993516813677E-17i
0.91106186954103996,0.91106186954103996,0.14599388092768115-1.1630115647905602E-15i
0.91106186954103996,0.91106186954103996,0.1681484578109225+3.49245776572743E-16i
0.91106186954103996,0.91106186954103996,0.21672664346630696+7.271687511658817E-16i
0.91106186954103996,0.91106186954103996,0.3024373421228483-3.1773240336854823E-16i
0.91106186954103996,0.91106186954103996,0.4998481863575966-6.882572884495676E-17i
0.91106186954103996,0.91106186954103996,0.53431614127147287
0.91106186954103996,0.91106186954103996,0.6628442193476304+1.1830476613857085E-15i
0.91106186954103996,0.91106186954103996,0.7928353276112661+1.906471695728362E-12i
0.94247779607693793,0.94247779607693793,0.08159050540659911+1.3877302634566515E-15i
0.94247779607693793,0.94247779607693793,0.09388224008979336+6.534118670317045E-16i
0.94247779607693793,0.94247779607693793,0.1479391071690078-9.770840971099534E-16i
0.94247779607693793,0.94247779607693793,0.17069870906874482+7.737345879489071E-16i
0.94247779607693793,0.94247779607693793,0.21892577480402528+7.507467703940426E-16i
0.94247779607693793,0.94247779607693793,0.30293183147889036-1.9611240164237636E-16i
0.94247779607693793,0.94247779607693793,0.49808670146519934+2.3029889836954714E-16i
0.94247779607693793,0.94247779607693793,0.5344461032216931+2.506517736117787E-16i
0.94247779607693793,0.94247779607693793,0.6641442879316389+1.392486599446557E-15i
0.94247779607693793,0.94247779607693793,0.7908096250749375+1.7615909518247587E-12i
0.97389372261283591,0.97389372261283591,0.08197773601394971-2.802651855541912E-16i
0.97389372261283591,0.97389372261283591,0.09533378193630589-5.367172847103466E-16i
0.97389372261283591,0.97389372261283591,0.15000634979821392-1.0789348411420305E-15i
0.97389372261283591,0.97389372261283591,0.17333576382290344
0.97389372261283591,0.97389372261283591,0.2211827809209824+4.927483908146742E-16i
0.97389372261283591,0.97389372261283591,0.30346415745402666-1.9001625685390062E-16i
0.97389372261283591,0.97389372261283591,0.4963114772950747-1.2452082877589283E-16i
0.97389372261283591,0.97389372261283591,0.53457909999693998
0.97389372261283591,0.97389372261283591,0.6654085304683175+1.635130918413781E-15i
0.97389372261283591,0.97389372261283591,0.7887023330788314+1.6151042576941147E-12i
1.0053096491487339,1.0053096491487339,0.08221548123506689+5.949168370169884E-16i
1.0053096491487339,1.0053096491487339,0.0966735234069858+1.2032708897287956E-16i
1.0053096491487339,1.0053096491487339,0.1521794026142603-1.17753897253316E-15i
1.0053096491487339,1.0053096491487339,0.17604949110460144+6.428124262522084E-16i
1.0053096491487339,1.0053096491487339,0.22349851051934644+8.649105619431713E-16i
1.0053096491487339,1.0053096491487339,0.30403716031489725-3.362414160465282E-16i
1.0053096491487339,1.0053096491487339,0.49452424794037186
1.0053096491487339,1.0053096491487339,0.5347150018472916+1.446218276539283E-16i
1.0053096491487339,1.0053096491487339,0.6666300803546995+1.8100921118106E-15i
1.0053096491487339,1.0053096491487339,0.7865138273763242+1.4824702360370893E-12i
1.0367255756846316,1.0367255756846316,0.08231854672022926-1.4370673052543618E-16i
1.0367255756846316,1.0367255756846316,0.09790863268994916-3.5010696021627883E-16i
1.0367255756846316,1.0367255756846316,0.15444198284970007-1.16459386164473E-15i
1.0367255756846316,1.0367255756846316,0.17882920616021458+2.599704153446003E-16i
1.0367255756846316,1.0367255756846316,0.22587379317388637+6.953656652742136E-16i
1.0367255756846316,1.0367255756846316,0.30465389481090854-2.897690298333299E-16i
1.0367255756846316,1.0367255756846316,0.4927266619272391-6.483517378539041E-17i
1.0367255756846316,1.0367255756846316,0.5348536759242035+5.988358654167482E-17i
1.0367255756846316,1.0367255756846316,0.6678016666571863+1.8842284292118378E-15i
1.0367255756846316,1.0367255756846316,0.7842446909922746+1.369540411838467E-12i
1.0681415022205296,1.0681415022205296,0.08230130890723565-3.848701312306681E-16i
1.0681415022205296,1.0681415022205296,0.09904642331813354-5.025757943317139E-16i
1.0681415022205296,1.0681415022205296,0.15677829350927616-1.1462508989241555E-15i
1.0681415022205296,1.0681415022205296,0.1816638780527831+3.955439060992338E-16i
1.0681415022205296,1.0681415022205296,0.22830940610205+8.093798978232614E-16i
1.0681415022205296,1.0681415022205296,0.3053176371518346-2.7005865954705553E-16i
1.0681415022205296,1.0681415022205296,0.49092029117680469
1.0681415022205296,1.0681415022205296,0.5349949863819408-1.5934821403388956E-16i
1.0681415022205296,1.0681415022205296,0.6689155793256668+1.7573799396899634E-15i
1.0681415022205296,1.0681415022205296,0.7818957094043503+1.203004080296492E-12i
1.0995574287564276,1.0995574287564276,0.08217734651280778-2.8261119517623197E-16i
1.0995574287564276,1.0995574287564276,0.10009417108658131-4.642404239763105E-16i
1.0995574287564276,1.0995574287564276,0.1591734222870973-1.1563086308846593E-15i
1.0995574287564276,1.0995574287564276,0.184542306503128+3.311339295640668E-16i
1.0995574287564276,1.0995574287564276,0.2308060409460581+7.236883868782661E-16i
1.0995574287564276,1.0995574287564276,0.30603188933239983-3.78030156010811E-16i
1.0995574287564276,1.0995574287564276,0.48910663964573026
1.0995574287564276,1.0995574287564276,0.53513879448044421
1.0995574287564276,1.0995574287564276,0.6699636417797172+1.5458538598372757E-15i
1.0995574287564276,1.0995574287564276,0.7794678626059857+8.04665191854735E-13i
1.1309733552923256,1.1309733552923256,0.08195921788695043+2.314324171240468E-16i
1.1309733552923256,1.1309733552923256,0.10105896829844818+5.1949329346528995E-17i
1.1309733552923256,1.1309733552923256,0.16161359388508428-1.1453727138219343E-15i
1.1309733552923256,1.1309733552923256,0.18745326511761867+4.1411396293907393E-16i
1.1309733552923256,1.1309733552923256,0.23336427125243306+8.407986055340076E-16i
1.1309733552923256,1.1309733552923256,0.3068003798556499-4.2315558844485116E-16i
1.1309733552923256,1.1309733552923256,0.4872871516611656
1.1309733552923256,1.1309733552923256,0.53528495868941861
1.1309733552923256,1.1309733552923256,0.6709371943811334+2.0817557624586393E-15i
1.1309733552923256,1.1309733552923256,0.7769623144069818+4.040853618925001E-13i
1.1623892818282233,1.1623892818282233,0.08165835519418545-1.2479999729473987E-16i
1.1623892818282233,1.1623892818282233,0.1019476149440502-3.9757581329178315E-16i
1.1623892818282233,1.1623892818282233,0.16408630393895796-1.390682731692412E-15i
1.1623892818282233,1.1623892818282233,0.19038561248856503+5.386353919589614E-16i
1.1623892818282233,1.1623892818282233,0.23598452144594478+9.021118432370243E-16i
1.1623892818282233,1.1623892818282233,0.30762705975049925-4.838154042890787E-16i
1.1623892818282233,1.1623892818282233,0.48546321997827374-1.108858908852726E-16i
1.1623892818282233,1.1623892818282233,0.53543333479336364
1.1623892818282233,1.1623892818282233,0.6718270930923234+2.6297411330250297E-15i
1.1623892818282233,1.1623892818282233,0.7743803994082232+2.023344892546874E-13i
1.1938052083641215,1.1938052083641215,0.08128504413761607-2.0755761128499086E-16i
1.1938052083641215,1.1938052083641215,0.102766543557554-5.182844955684072E-16i
1.1938052083641215,1.1938052083641215,0.16658036493971867-1.2665938505889048E-15i
1.1938052083641215,1.1938052083641215,0.19332837565543337+5.649913052895631E-16i
1.1938052083641215,1.1938052083641215,0.2386670381594519+8.722639784621101E-16i
1.1938052083641215,1.1938052083641215,0.30851609263761487-4.395793110202389E-16i
1.1938052083641215,1.1938052083641215,0.48363619359876436
1.1938052083641215,1.1938052083641215,0.5355837759973109-8.024274885078032E-17i
1.1938052083641215,1.1938052083641215,0.6726237283675265+3.141649411869393E-15i
1.1938052083641215,1.1938052083641215,0.7717236081316203+1.0534277327594354E-13i
1.2252211349000193,1.2252211349000193,0.08084846114610034+6.268940526374415E-16i
1.2252211349000193,1.2252211349000193,0.10352177289314991+2.3328258539924634E-16i
1.2252211349000193,1.2252211349000193,0.16908589132728244-1.2568088396672474E-15i
1.2252211349000193,1.2252211349000193,0.1962708121237113+5.873643017955851E-16i
1.2252211349000193,1.2252211349000193,0.2414118647852249+9.460686133062413E-16i
1.2252211349000193,1.2252211349000193,0.3094718374929002-5.180740676942627E-16i
1.2252211349000193,1.2252211349000193,0.48180738539737894
1.2252211349000193,1.2252211349000193,0.5357361330329127+6.675363374404774E-17i
1.2252211349000193,1.2252211349000193,0.6733170698974401+3.2944020830655084E-15i
1.2252211349000193,1.2252211349000193,0.7689935708167899+5.054054071304921E-14i
1.2566370614359172,1.2566370614359172,0.08035674548517813+3.3832809641296665E-16i
1.2566370614359172,1.2566370614359172,0.10421888497087672+3.160864445659018E-17i
1.2566370614359172,1.2566370614359172,0.17159424545314225-1.05781891972905E-15i
1.2566370614359172,1.2566370614359172,0.19920245727056693+4.813096016963316E-16i
1.2566370614359172,1.2566370614359172,0.24421882004895956+7.952439061254314E-16i
1.2566370614359172,1.2566370614359172,0.310498822717777-3.7529029120692955E-16i
1.2566370614359172,1.2566370614359172,0.47997807961088607
1.2566370614359172,1.2566370614359172,0.53589025426460335
1.2566370614359172,1.2566370614359172,0.6738967430327242+3.438536496814705E-15i
1.2566370614359172,1.2566370614359172,0.766192040392328+1.603100820430771E-14i
1.2880529879718152,1.2880529879718152,0.07981708961926108-5.3153662787993233E-17i
1.2880529879718152,1.2880529879718152,0.10486302015728892-2.1842445478046015E-16i
1.2880529879718152,1.2880529879718152,0.17409796037165148-1.012366973606339E-15i
1.2880529879718152,1.2880529879718152,0.20211316379247923+5.18151415824961E-16i
1.2880529879718152,1.2880529879718152,0.24708748127338928+8.208310324378038E-16i
1.2880529879718152,1.2880529879718152,0.3116017101849837-3.1932296186097882E-16i
1.2880529879718152,1.2880529879718152,0.4781495392512604-6.522558578609769E-17i
1.2880529879718152,1.2880529879718152,0.53604598579538587
1.2880529879718152,1.2880529879718152,0.6743521422986403+3.221080688265005E-15i
1.2880529879718152,1.2880529879718152,0.7633208751031441-5.659021172412794E-15i
1.3194689145077132,1.3194689145077132,0.0792358363126479+4.02797369585674E-17i
1.3194689145077132,1.3194689145077132,0.10545888548581721-1.1641377993023545E-16i
1.3194689145077132,1.3194689145077132,0.17659065045177783-9.280093102034168E-16i
1.3194689145077132,1.3194689145077132,0.20499313911311717+6.076711151487552E-16i
1.3194689145077132,1.3194689145077132,0.2500171728004011+8.506408383957077E-16i
1.3194689145077132,1.3194689145077132,0.3127852481263788-4.50835220837732E-16i
1.3194689145077132,1.3194689145077132,0.47632301351190109
1.3194689145077132,1.3194689145077132,0.5362031715718624+1.0552118987548943E-16i
1.3194689145077132,1.3194689145077132,0.6746725861034418+2.6964156607949577E-15i
1.3194689145077132,1.3194689145077132,0.7603820212332317-1.771970152736962E-14i
1.350884841043611,1.350884841043611,0.07861857503769104+4.825021967485879E-16i
1.350884841043611,1.350884841043611,0.10601077216237707+2.829781516516293E-16i
1.350884841043611,1.350884841043611,0.17906691696065605-8.855620425668639E-16i
1.350884841043611,1.350884841043611,0.2078329855553842+7.613162591272643E-16i
1.350884841043611,1.350884841043611,0.2530069597929132+9.913168514372743E-16i
1.350884841043611,1.350884841043611,0.3140542121029934-3.3926610687902994E-16i
1.350884841043611,1.350884841043611,0.47449974524350802
1.350884841043611,1.350884841043611,0.536361653487976+6.233776080097265E-17i
1.350884841043611,1.350884841043611,0.674847514285225+2.0159497205058567E-15i
1.350884841043611,1.350884841043611,0.757377496307297-2.1060336962530798E-14i
1.3823007675795091,1.3823007675795091,0.07797023325920983+5.562370967346398E-17i
1.3823007675795091,1.3823007675795091,0.10652257899003897-1.2545316920595127E-16i
1.3823007675795091,1.3823007675795091,0.18152225303797315-8.617435984788657E-16i
1.3823007675795091,1.3823007675795091,0.21062374671481243+5.793896054463539E-16i
1.3823007675795091,1.3823007675795091,0.25605564736080966+7.337820514272568E-16i
1.3823007675795091,1.3823007675795091,0.31541333387641485-3.7197420735510744E-16i
1.3823007675795091,1.3823007675795091,0.47268097858491914
1.3823007675795091,1.3823007675795091,0.53652127148695106
1.3823007675795091,1.3823007675795091,0.6748667264021543+9.180167501066154E-16i
1.3823007675795091,1.3823007675795091,0.7543093730910453-1.764930615128005E-14i
1.4137166941154069,1.4137166941154069,0.07729516024722058+2.836033808121469E-16i
1.4137166941154069,1.4137166941154069,0.10699783918774682
1.4137166941154069,1.4137166941154069,0.18395295066873124-8.732247459878684E-16i
1.4137166941154069,1.4137166941154069,0.21335696193636935+6.092620865057742E-16i
1.4137166941154069,1.4137166941154069,0.25916178467268597+7.081276160907585E-16i
1.4137166941154069,1.4137166941154069,0.3168672187942567-3.798429214704255E-16i
1.4137166941154069,1.4137166941154069,0.47086796684443905+6.213382764463481E-17i
1.4137166941154069,1.4137166941154069,0.5366818636607558+7.014726810845894E-17i
1.4137166941154069,1.4137166941154069,0.6747206537490548-2.934812337278962E-16i
1.4137166941154069,1.4137166941154069,0.7511797646433654-9.324439453431725E-15i
1.4451326206513049,1.4451326206513049,0.07659720244387216+2.8702423644511356E-16i
1.4451326206513049,1.4451326206513049,0.1074397487244547+4.9681986142710104E-17i
1.4451326206513049,1.4451326206513049,0.18635601113905054-9.674485655987285E-16i
1.4451326206513049,1.4451326206513049,0.2160247291628713+7.183409037178483E-16i
1.4451326206513049,1.4451326206513049,0.26232367345149693+8.488706683581414E-16i
1.4451326206513049,1.4451326206513049,0.3184202532900784-4.766968699406936E-16i
1.4451326206513049,1.4451326206513049,0.46906198073941519
1.4451326206513049,1.4451326206513049,0.53684326634639679
1.4451326206513049,1.4451326206513049,0.6744006524233815-1.4621742666659171E-15i
1.4451326206513049,1.4451326206513049,0.7479908106084057+9.296353879542944E-16i
1.4765485471872029,1.4765485471872029,0.07587977026886214+3.326660592739944E-16i
1.4765485471872029,1.4765485471872029,0.1078511948241649-1.849469613427043E-17i
1.4765485471872029,1.4765485471872029,0.18872905980906024-7.768151749895401E-16i
1.4765485471872029,1.4765485471872029,0.21861977477000774+5.656684158550445E-16i
1.4765485471872029,1.4765485471872029,0.26553938002824856+5.725377610943752E-16i
1.4765485471872029,1.4765485471872029,0.32007650521661724-4.637634873361329E-16i
1.4765485471872029,1.4765485471872029,0.46726431711658173+5.395973880505883E-17i
1.4765485471872029,1.4765485471872029,0.5370053142181722+6.186934789146622E-17i
1.4765485471872029,1.4765485471872029,0.6738992992026039-2.4995212422311647E-15i
1.4765485471872029,1.4765485471872029,0.7447446648746843+1.0227080675115173E-14i
1.5079644737231006,1.5079644737231006,0.07514589674967223+3.890632971705454E-17i
1.5079644737231006,1.5079644737231006,0.10823478372125796-4.103030973279107E-17i
1.5079644737231006,1.5079644737231006,0.19107026568461227-7.997523119500433E-16i
1.5079644737231006,1.5079644737231006,0.22113552743844808+6.271310647322101E-16i
1.5079644737231006,1.5079644737231006,0.26880674995901743+7.541197715138941E-16i
1.5079644737231006,1.5079644737231006,0.32183962087155077-4.2513892715097814E-16i
1.5079644737231006,1.5079644737231006,0.4654763082938565
1.5079644737231006,1.5079644737231006,0.53716784037496546
1.5079644737231006,1.5079644737231006,0.6732106676912599-3.3568770651370346E-15i
1.5079644737231006,1.5079644737231006,0.7414434846741227+1.6461993417328315E-14i
1.5393804002589986,1.5393804002589986,0.074398288627919001
1.5393804002589986,1.5393804002589986,0.10859286707053957-6.627427332501268E-17i
1.5393804002589986,1.5393804002589986,0.1933782660872628-5.098456416733582E-16i
1.5393804002589986,1.5393804002589986,0.2235661917774861+3.869251168958563E-16i
1.5393804002589986,1.5393804002589986,0.27212342410423024+5.155848245359043E-16i
1.5393804002589986,1.5393804002589986,0.3237127235851506-2.0245881823138668E-16i
1.5393804002589986,1.5393804002589986,0.46369933218634357
1.5393804002589986,1.5393804002589986,0.53733067642142596
1.5393804002589986,1.5393804002589986,0.6723305603933292-3.858921824401142E-15i
1.5393804002589986,1.5393804002589986,0.7380894211478357+1.8621874060065546E-14i
1.5707963267948966,1.5707963267948966,0.07363937070676446+1.5235325044704837E-16i
1.5707963267948966,1.5707963267948966,0.10892756665818543-7.593076024444288E-17i
1.5707963267948966,1.5707963267948966,0.19565209662400818-8.885165226689359E-16i
1.5707963267948966,1.5707963267948966,0.22590681646740465+6.828147587105622E-16i
1.5707963267948966,1.5707963267948966,0.2754868550248502+7.736469498219116E-16i
1.5707963267948966,1.5707963267948966,0.325698319443971-4.788357521617908E-16i
1.5707963267948966,1.5707963267948966,0.46193482340668063
1.5707963267948966,1.5707963267948966,0.53749365254176296
1.5707963267948966,1.5707963267948966,0.6712566740257478-4.2551708056033255E-15i
1.5707963267948966,1.5707963267948966,0.7346846113678713+1.783352961106234E-14i
1.6022122533307945,1.6022122533307945,0.07287132422568617+1.5602636362778162E-17i
1.6022122533307945,1.6022122533307945,0.10924079723463906+1.7794598099748707E-17i
1.6022122533307945,1.6022122533307945,0.1978911265917615-3.9296500003165696E-16i
1.6022122533307945,1.6022122533307945,0.22815335128149694+3.6568049273561675E-16i
1.6022122533307945,1.6022122533307945,0.2788943225601148+4.792344517995996E-16i
1.6022122533307945,1.6022122533307945,0.32779821595479525-1.2830907310381943E-16i
1.6022122533307945,1.6022122533307945,0.4601842855632256-6.661509257433978E-17i
1.6022122533307945,1.6022122533307945,0.53765659756465201
1.6022122533307945,1.6022122533307945,0.6699886808000953-4.178544994307714E-15i
1.6022122533307945,1.6022122533307945,0.7312311717752743+1.491341515925508E-14i
1.6336281798666923,1.6336281798666923,0.0720961200170813-4.08425715767976E-17i
1.6336281798666923,1.6336281798666923,0.10953428741291502-1.0220792780388224E-16i
1.6336281798666923,1.6336281798666923,0.20009499988962098-6.614682432332857E-16i
1.6336281798666923,1.6336281798666923,0.2303026875910917+5.891889238768109E-16i
1.6336281798666923,1.6336281798666923,0.28234294750279415+6.735898025771632E-16i
1.6336281798666923,1.6336281798666923,0.33001345908713-4.1193590214004503E-16i
1.6336281798666923,1.6336281798666923,0.45844930502085762
1.6336281798666923,1.6336281798666923,0.53781933901748591
1.6336281798666923,1.6336281798666923,0.6685282169365603-4.085089384062621E-15i
1.6336281798666923,1.6336281798666923,0.7277311929739592+1.1515677515827631E-14i
1.6650441064025905,1.6650441064025905,0.07131554713911475+3.6172890223714983E-16i
1.6650441064025905,1.6650441064025905,0.1098095986583189+6.168463859407827E-17i
1.6650441064025905,1.6650441064025905,0.20226358144320467-7.205001670109064E-16i
1.6650441064025905,1.6650441064025905,0.2323526778718167+6.320165361887043E-16i
1.6650441064025905,1.6650441064025905,0.28582970236397387+6.153660651997556E-16i
1.6650441064025905,1.6650441064025905,0.3323442931329037-4.4198475527980903E-16i
1.6650441064025905,1.6650441064025905,0.45673156643964952
1.6650441064025905,1.6650441064025905,0.53798170316788818
1.6650441064025905,1.6650441064025905,0.6668787798552613-3.751399761453197E-15i
1.6650441064025905,1.6650441064025905,0.7241867358065674+8.049921893665148E-15i
1.6964600329384882,1.6964600329384882,0.07053123760810907+1.4789825538725585E-16i
1.6964600329384882,1.6964600329384882,0.11006814244941443-1.873590805516983E-17i
1.6964600329384882,1.6964600329384882,0.20439690906993271-7.914323907723991E-16i
1.6964600329384882,1.6964600329384882,0.23430213123553847+6.024394923764789E-16i
1.6964600329384882,1.6964600329384882,0.28935141830316014+6.969185158206108E-16i
1.6964600329384882,1.6964600329384882,0.33479014626070613-5.009223924264505E-16i
1.6964600329384882,1.6964600329384882,0.4550328704688433-5.377159647699873E-17i
1.6964600329384882,1.6964600329384882,0.5381435150501129-6.565955694532242E-17i
1.6964600329384882,1.6964600329384882,0.665045545357292-3.505991623913516E-15i
1.6964600329384882,1.6964600329384882,0.7205998286315171+5.0981753067269526E-15i
1.7278759594743862,1.7278759594743862,0.06974468777833655+1.6823586065383997E-16i
1.7278759594743862,1.7278759594743862,0.11031119572126748+7.419592609820007E-17i
1.7278759594743862,1.7278759594743862,0.20649515063596366-4.684637559615581E-16i
1.7278759594743862,1.7278759594743862,0.23615078392207708+3.684552658599587E-16i
1.7278759594743862,1.7278759594743862,0.2929047873739576+4.517446611673587E-16i
1.7278759594743862,1.7278759594743862,0.3373496426974164-2.646850088585203E-16i
1.7278759594743862,1.7278759594743862,0.45335515404949167+8.515546363075213E-17i
1.7278759594743862,1.7278759594743862,0.53830459847340872
1.7278759594743862,1.7278759594743862,0.663035123802122-3.116958294300494E-15i
1.7278759594743862,1.7278759594743862,0.7169724657190923+2.8571267675977597E-15i
1.7592918860102842,1.7592918860102842,0.06895727684661457+4.735557560004421E-16i
1.7592918860102842,1.7592918860102842,0.1105399147197837+2.3153917742571525E-16i
1.7592918860102842,1.7592918860102842,0.20855856628142463-6.557405895566E-16i
1.7592918860102842,1.7592918860102842,0.23789924573546734+5.946049016514719E-16i
1.7592918860102842,1.7592918860102842,0.29648635928682904+6.385544344353753E-16i
1.7592918860102842,1.7592918860102842,0.3400206403997572-4.3849406620603344E-16i
1.7592918860102842,1.7592918860102842,0.4517005138720629+6.14803054844583E-17i
1.7592918860102842,1.7592918860102842,0.5384647760089889
1.7592918860102842,1.7592918860102842,0.6608552785799091-2.75542269414859E-15i
1.7592918860102842,1.7592918860102842,0.7133066066876381+1.0729372915583087E-15i
1.7907078125461822,1.7907078125461822,0.06817028289227507+3.9201897557718147E-16i
1.7907078125461822,1.7907078125461822,0.11075534740179367+2.6056541154356063E-16i
1.7907078125461822,1.7907078125461822,0.21058747542571923-3.9187142243233436E-16i
1.7907078125461822,1.7907078125461822,0.2395489253131534+3.413802138970604E-16i
1.7907078125461822,1.7907078125461822,0.3000925319061394+5.141641558415139E-16i
1.7907078125461822,1.7907078125461822,0.34280029116412936-2.3361418257403854E-16i
1.7907078125461822,1.7907078125461822,0.45007123364822788
1.7907078125461822,1.7907078125461822,0.5386238689515643+1.4229138691416363E-16i
1.7907078125461822,1.7907078125461822,0.6585146307457737-2.400217823968901E-15i
1.7907078125461822,1.7907078125461822,0.7096041769079556-2.2547505700491096E-16i
1.8221237390820799,1.8221237390820799,0.06738489680448205-4.499898938054268E-16i
1.8221237390820799,1.8221237390820799,0.11095844451550432-2.7506207998620755E-16i
1.8221237390820799,1.8221237390820799,0.2125822282136011-3.8647673008334707E-16i
1.8221237390820799,1.8221237390820799,0.24110193862116283+2.870088014712396E-16i
1.8221237390820799,1.8221237390820799,0.3037195346707184+5.072797539300737E-16i
1.8221237390820799,1.8221237390820799,0.3456851186147524-2.4249115108415275E-16i
1.8221237390820799,1.8221237390820799,0.44846981599239605-9.14938684678885E-17i
1.8221237390820799,1.8221237390820799,0.53878169725061997
1.8221237390820799,1.8221237390820799,0.6560223710632064-2.051255743113298E-15i
1.8221237390820799,1.8221237390820799,0.7058670688141729-1.1440696424910038E-15i
1.8535396656179781,1.8535396656179781,0.06660223439631634-3.511387955900555E-16i
1.8535396656179781,1.8535396656179781,0.11115006949073207-3.367497829998673E-16i
1.8535396656179781,1.8535396656179781,0.214543181027014-6.299605217764612E-16i
1.8535396656179781,1.8535396656179781,0.2425610060050213+6.633748055494094E-16i
1.8535396656179781,1.8535396656179781,0.30736340404946544+5.855630440142585E-16i
1.8535396656179781,1.8535396656179781,0.34867110857266326-4.3460727950826397E-16i
1.8535396656179781,1.8535396656179781,0.44689901987168384
1.8535396656179781,1.8535396656179781,0.53893807940568594
1.8535396656179781,1.8535396656179781,0.65338799597814-1.876957216042068E-15i
1.8535396656179781,1.8535396656179781,0.7020971440721044-1.5685261550558008E-15i
1.8849555921538759,1.8849555921538759,0.06582334696022148+2.9196452985683884E-16i
1.8849555921538759,1.8849555921538759,0.11133100726106515+2.6691184698320075E-16i
1.8849555921538759,1.8849555921538759,0.2164706756682538-4.947258295497238E-16i
1.8849555921538759,1.8849555921538759,0.24392934343625278+4.717419983443963E-16i
1.8849555921538759,1.8849555921538759,0.3110199500139935+7.559462937066279E-16i
1.8849555921538759,1.8849555921538759,0.3517538059994191-2.9799857777429346E-16i
1.8849555921538759,1.8849555921538759,0.44536190477508458
1.8849555921538759,1.8849555921538759,0.5390928323186895+1.2863211315071928E-16i
1.8849555921538759,1.8849555921538759,0.6506210784491944-1.3677160021196657E-15i
1.8849555921538759,1.8849555921538759,0.698296236571211-1.9403919729635504E-15i
1.9163715186897738,1.9163715186897738,0.06504923047962778+3.87154278725378E-16i
1.9163715186897738,1.9163715186897738,0.11150197213062395+2.433347496689008E-16i
1.9163715186897738,1.9163715186897738,0.2183650218151654-3.8434963072500246E-16i
1.9163715186897738,1.9163715186897738,0.24521055332493433+4.2954959402145007E-16i
1.9163715186897738,1.9163715186897738,0.31468471233032513+4.4286475275955836E-16i
1.9163715186897738,1.9163715186897738,0.35492841297955446-2.2436534457129244E-16i
1.9163715186897738,1.9163715186897738,0.44386188297354556+4.996617625193611E-17i
1.9163715186897738,1.9163715186897738,0.53924577109501637
1.9163715186897738,1.9163715186897738,0.6477310791507341-1.1685250693598435E-15i
1.9163715186897738,1.9163715186897738,0.694466156223364-2.1698813124149042E-15i
1.9477874452256718,1.9477874452256718,0.06428083367868713+3.1081653637224344E-16i
1.9477874452256718,1.9477874452256718,0.11166361478891833+1.3311458657084666E-16i
1.9477874452256718,1.9477874452256718,0.22022648235741907-4.746190388138619E-16i
1.9477874452256718,1.9477874452256718,0.24640851954775+4.319020138678289E-16i
1.9477874452256718,1.9477874452256718,0.3183529052490346+4.938779462495621E-16i
1.9477874452256718,1.9477874452256718,0.3581898829272765-3.9061883976516093E-16i
1.9477874452256718,1.9477874452256718,0.44240278148783785+6.691633123283508E-17i
1.9477874452256718,1.9477874452256718,0.5393967087832343+7.655054143367629E-17i
1.9477874452256718,1.9477874452256718,0.6447271990480578-1.1337501661826117E-15i
1.9477874452256718,1.9477874452256718,0.6906086935709421-2.0954644845400222E-15i
1.9792033717615698,1.9792033717615698,0.06351906506273616+3.465796321482126E-16i
1.9792033717615698,1.9792033717615698,0.11181652856723127+2.383470267392514E-16i
1.9792033717615698,1.9792033717615698,0.22205526124141287-3.0400775234344833E-16i
1.9792033717615698,1.9792033717615698,0.24752731033660777+2.789398722471617E-16i
1.9792033717615698,1.9792033717615698,0.32201934892459166+3.628021414878019E-16i
1.9792033717615698,1.9792033717615698,0.3615330072049507-2.164526221298116E-16i
1.9792033717615698,1.9792033717615698,0.44098891563616982
1.9792033717615698,1.9792033717615698,0.53954545604116333
1.9792033717615698,1.9792033717615698,0.6416182710407111-8.874565572716584E-16i
1.9792033717615698,1.9792033717615698,0.6867256252284136-2.045696670570759E-15i
2.0106192982974678,2.0106192982974678,0.06276479907795653-3.8885433996301397E-16i
2.0106192982974678,2.0106192982974678,0.11196125502081888-2.2759107631957223E-16i
2.0106192982974678,2.0106192982974678,0.22385149347794286-2.3471004490430704E-16i
2.0106192982974678,2.0106192982974678,0.2485710915570316+2.4697404319195867E-16i
2.0106192982974678,2.0106192982974678,0.3256783856539273+4.724467148835043E-16i
2.0106192982974678,2.0106192982974678,0.36495249145209635-1.2813073215261981E-16i
2.0106192982974678,2.0106192982974678,0.43962517626842035-1.4353872959436794E-16i
2.0106192982974678,2.0106192982974678,0.53969182071337818
2.0106192982974678,2.0106192982974678,0.638412686297924-7.51298965953791E-16i
2.0106192982974678,2.0106192982974678,0.6828187202059182-1.9340876252453076E-15i
2.0420352248333655,2.0420352248333655,0.062018881497588906+4.4317043508944315E-16i
2.0420352248333655,2.0420352248333655,0.11209828891229336+2.6560126582270347E-16i
2.0420352248333655,2.0420352248333655,0.22561523699860297-4.054411996385045E-16i
2.0420352248333655,2.0420352248333655,0.24954405182251418+5.246350669005716E-16i
2.0420352248333655,2.0420352248333655,0.3293237788526466+6.27108689625939E-16i
2.0420352248333655,2.0420352248333655,0.36844301999781187-2.680764009032033E-16i
2.0420352248333655,2.0420352248333655,0.43831713294979446+1.4320132311760374E-16i
2.0420352248333655,2.0420352248333655,0.5398356073018232+1.2389932896120003E-16i
2.0420352248333655,2.0420352248333655,0.6351183498941486-7.500731614906485E-16i
2.0420352248333655,2.0420352248333655,0.6788897471912583-1.6330639738362624E-15i
2.0734511513692633,2.0734511513692633,0.06128213412426001-2.3102911070984617E-16i
2.0734511513692633,2.0734511513692633,0.11222808266341552-2.0855107098607087E-16i
2.0734511513692633,2.0734511513692633,0.2273464660821247-3.9258891228693023E-16i
2.0734511513692633,2.0734511513692633,0.25045033994350896+3.5630593307871103E-16i
2.0734511513692633,2.0734511513692633,0.3329485926929566+4.709540396686013E-16i
2.0734511513692633,2.0734511513692633,0.3719993076637123-2.5539337191966415E-16i
2.0734511513692633,2.0734511513692633,0.43707115532820473
2.0734511513692633,2.0734511513692633,0.53997661630701643
2.0734511513692633,2.0734511513692633,0.631742660133551-5.360117544151477E-16i
2.0734511513692633,2.0734511513692633,0.6749404828987619-1.4550436351753531E-15i
2.1048670779051615,2.1048670779051615,0.060555358882848236+2.2294728056804286E-15i
2.1048670779051615,2.1048670779051615,0.11235105033509189+1.5245669322067853E-15i
2.1048670779051615,2.1048670779051615,0.22904506610869085-3.0132469956372316E-16i
2.1048670779051615,2.1048670779051615,0.2512940144543826+3.350782667917937E-16i
2.1048670779051615,2.1048670779051615,0.33654505069337515+4.527963756958131E-16i
2.1048670779051615,2.1048670779051615,0.3756161390006933-3.104202499004807E-16i
2.1048670779051615,2.1048670779051615,0.43589455452561593+1.7416372176273208E-16i
2.1048670779051615,2.1048670779051615,0.5401146434121665+1.9363491011851763E-16i
2.1048670779051615,2.1048670779051615,0.6282925062647277-6.648133423704332E-16i
2.1048670779051615,2.1048670779051615,0.6709727216312855-1.3902710215665178E-15i
2.1362830044410592,2.1362830044410592,0.05983934136501727-2.606342605645433E-16i
2.1362830044410592,2.1362830044410592,0.1124675711884556-1.7445316338385564E-16i
2.1362830044410592,2.1362830044410592,0.23071082943725268-3.9349114225895907E-16i
2.1362830044410592,2.1362830044410592,0.2520790044154296+4.1970666950284647E-16i
2.1362830044410592,2.1362830044410592,0.3401043725757132+4.475238515922495E-16i
2.1362830044410592,2.1362830044410592,0.3792883955226344-2.9086130615388866E-16i
2.1362830044410592,2.1362830044410592,0.43479574533616411
2.1362830044410592,2.1362830044410592,0.54024947847575844
2.1362830044410592,2.1362830044410592,0.624774279903742-4.452127121374479E-16i
2.1362830044410592,2.1362830044410592,0.6669882862464509-1.1783732413544364E-15i
2.1676989309769574,2.1676989309769574,0.05913485387586713+1.377350095355441E-16i
2.1676989309769574,2.1676989309769574,0.11257799287410264+1.0287425546070254E-16i
2.1676989309769574,2.1676989309769574,0.2323434522372613-2.0260520240845297E-16i
2.1676989309769574,2.1676989309769574,0.2528090803384568+3.2253887117862704E-16i
2.1676989309769574,2.1676989309769574,0.34361659085814994+4.111763282128724E-16i
2.1676989309769574,2.1676989309769574,0.3830110718137253-5.782526354072606E-17i
2.1676989309769574,2.1676989309769574,0.4337844278257374+1.0968555626330923E-16i
2.1676989309769574,2.1676989309769574,0.54038090428997765
2.1676989309769574,2.1676989309769574,0.621193896233759-3.4973216064526847E-16i
2.1676989309769574,2.1676989309769574,0.662989040772412-9.490787781899573E-16i
2.1991148575128552,2.1991148575128552,0.05844265802314754-4.573666406067946E-16i
2.1991148575128552,2.1991148575128552,0.1126826342907678-2.7671963086426886E-16i
2.1991148575128552,2.1991148575128552,0.23394253214121435-1.8712019016912052E-16i
2.1991148575128552,2.1991148575128552,0.25348783390382235+2.421863767905225E-16i
2.1991148575128552,2.1991148575128552,0.3470703526285679+3.8840894817012065E-16i
2.1991148575128552,2.1991148575128552,0.3867792815206075-4.410556911818382E-17i
2.1991148575128552,2.1991148575128552,0.432871782914715+8.348280502024309E-17i
2.1991148575128552,2.1991148575128552,0.54050869505163679
2.1991148575128552,2.1991148575128552,0.617556821817371-2.418349820853548E-16i
2.1991148575128552,2.1991148575128552,0.6589769049846257-6.191977378394511E-16i
2.2305307840487529,2.2305307840487529,0.05776350688197209+9.423747607560692E-16i
2.2305307840487529,2.2305307840487529,0.11278178815029334+5.938899635623493E-16i
2.2305307840487529,2.2305307840487529,0.23550756661762048-3.738777308453114E-16i
2.2305307840487529,2.2305307840487529,0.2541186650874146+3.657475138621438E-16i
2.2305307840487529,2.2305307840487529,0.3504527186882418+4.818557222027369E-16i
2.2305307840487529,2.2305307840487529,0.3905882542298907-2.810094517417304E-16i
2.2305307840487529,2.2305307840487529,0.4320706697395394+1.1603540072120679E-16i
2.2305307840487529,2.2305307840487529,0.5406326144790026+7.436374773420801E-17i
2.2305307840487529,2.2305307840487529,0.6138681065738858-4.0081872197157985E-16i
2.2305307840487529,2.2305307840487529,0.6549538713367671-6.075488238918058E-16i
2.2619467105846511,2.2619467105846511,0.057098146760644314+5.697732007963685E-16i
2.2619467105846511,2.2619467105846511,0.1128757232811062+4.230829524751547E-16i
2.2619467105846511,2.2619467105846511,0.23703795199532013-2.148192994128293E-16i
2.2619467105846511,2.2619467105846511,0.25470477536059594+1.7267315959527336E-16i
2.2619467105846511,2.2619467105846511,0.35374898289954665+2.951124807567327E-16i
2.2619467105846511,2.2619467105846511,0.39443332410969983-2.38598453024159E-16i
2.2619467105846511,2.2619467105846511,0.43139580190158944
2.2619467105846511,2.2619467105846511,0.54075241349074654
2.2619467105846511,2.2619467105846511,0.6101324181045518-4.0463114290024714E-16i
2.2619467105846511,2.2619467105846511,0.6509220247408118-6.497704634557984E-16i
2.2933626371205493,2.2933626371205493,0.05644731858790351-6.903868289851018E-16i
2.2933626371205493,2.2933626371205493,0.11296468669890547-4.2931822042224605E-16i
2.2933626371205493,2.2933626371205493,0.23853298309933196-2.321662241693812E-16i
2.2933626371205493,2.2933626371205493,0.2552491657314664+1.659237149022252E-16i
2.2933626371205493,2.2933626371205493,0.35694255008409026+3.464491791767689E-16i
2.2933626371205493,2.2933626371205493,0.39830991098865176-1.1599497963668395E-16i
2.2933626371205493,2.2933626371205493,0.4308638641508968-1.1242582931343988E-16i
2.2933626371205493,2.2933626371205493,0.5408678273416416-8.025687738137532E-17i
2.2933626371205493,2.2933626371205493,0.6063540770829386-3.3142937670780227E-16i
2.2933626371205493,2.2933626371205493,0.6468835658190901-4.234036934951039E-16i
2.3247785636564466,2.3247785636564466,0.05581175893674126+1.6039603028865333E-16i
2.3247785636564466,2.3247785636564466,0.11304890546966072+4.8068805456496547E-17i
2.3247785636564466,2.3247785636564466,0.23999185348551522-2.8133136259407164E-16i
2.3247785636564466,2.3247785636564466,0.25575463853488417+3.6612363938366525E-16i
2.3247785636564466,2.3247785636564466,0.3600149311727726+5.513684817398143E-16i
2.3247785636564466,2.3247785636564466,0.40221349427785347-8.66154361824792E-17i
2.3247785636564466,2.3247785636564466,0.4304935106426118+2.749248802255881E-16i
2.3247785636564466,2.3247785636564466,0.5409785720820306+8.364818747265307E-17i
2.3247785636564466,2.3247785636564466,0.6025370928702259-1.1411992511894702E-16i
2.3247785636564466,2.3247785636564466,0.64284083841271511
2.3561944901923448,2.3561944901923448,0.05519220069664945+6.020559899144825E-16i
2.3561944901923448,2.3561944901923448,0.11312858838735025+3.5782390522989414E-16i
2.3561944901923448,2.3561944901923448,0.24141365628647582-2.5848510521209815E-16i
2.3561944901923448,2.3561944901923448,0.2562238020314606+2.5053892884247434E-16i
2.3561944901923448,2.3561944901923448,0.36294593685181464+4.2674951081959963E-16i
2.3561944901923448,2.3561944901923448,0.40613957982277515-2.0324788041442318E-16i
2.3561944901923448,2.3561944901923448,0.4303051632980605+1.682043319814645E-16i
2.3561944901923448,2.3561944901923448,0.5410843401730019+9.432834698324812E-17i
2.3561944901923448,2.3561944901923448,0.5986851988787228-3.104775698989855E-16i
2.3561944901923448,2.3561944901923448,0.6387963623360725-1.4685458368569413E-16i
2.387610416728243,2.387610416728243,0.054589373402787834
2.387610416728243,2.387610416728243,0.11320392748600411
2.387610416728243,2.387610416728243,0.2427973857039448-3.0843893237232645E-16i
2.387610416728243,2.387610416728243,0.25665907702784957+2.86956381024853E-16i
2.387610416728243,2.387610416728243,0.3657141679935196+2.9486536987717893E-16i
2.387610416728243,2.387610416728243,0.4100836594047108-3.0462510108163226E-16i
2.387610416728243,2.387610416728243,0.4303205116813378+1.8410189536351243E-16i
2.387610416728243,2.387610416728243,0.54118479504504358
2.387610416728243,2.387610416728243,0.594801887509079-3.504225232879403E-16i
2.387610416728243,2.387610416728243,0.6347528726287212-1.3146323337204023E-16i
2.4190263432641408,2.4190263432641408,0.054004003228862604+1.2614512557566184E-15i
2.4190263432641408,2.4190263432641408,0.11327509940353583+7.640403267318544E-16i
2.4190263432641408,2.4190263432641408,0.24414193920343735-2.782454538208656E-16i
2.4190263432641408,2.4190263432641408,0.2570627048732751+2.922424008901724E-16i
2.4190263432641408,2.4190263432641408,0.36829789788086303+4.963194070674798E-16i
2.4190263432641408,2.4190263432641408,0.4140411621891335-2.179500043895599E-16i
2.4190263432641408,2.4190263432641408,0.43056161898896345+1.074702206163016E-16i
2.4190263432641408,2.4190263432641408,0.5412795643323355+1.5549074244436855E-16i
2.4190263432641408,2.4190263432641408,0.5908904447473852-3.1164046526214014E-16i
2.4190263432641408,2.4190263432641408,0.630713366890838-1.6233710608533992E-16i
2.4504422698000385,2.4504422698000385,0.05343681264894626+6.625827647885051E-17i
2.4504422698000385,2.4504422698000385,0.11334226661264414-3.224973839545571E-17i
2.4504422698000385,2.4504422698000385,0.24544612048489026-2.8714411802332575E-16i
2.4504422698000385,2.4504422698000385,0.2574367563152097+3.1909907712668426E-16i
2.4504422698000385,2.4504422698000385,0.3706763969388359+3.1841188259517103E-16i
2.4504422698000385,2.4504422698000385,0.4180073969215152-1.6351595257176643E-16i
2.4504422698000385,2.4504422698000385,0.431049582932644+3.0273510297994284E-16i
2.4504422698000385,2.4504422698000385,0.54136823144634894
2.4504422698000385,2.4504422698000385,0.5869539847496564-2.484983341853733E-16i
2.4504422698000385,2.4504422698000385,0.6266811627165737+7.224342771788286E-17i
2.4818581963359367,2.4818581963359367,0.052888519773409616+1.7648177496081447E-15i
2.4818581963359367,2.4818581963359367,0.11340557853246536+1.0555705985587677E-15i
2.4818581963359367,2.4818581963359367,0.24670864331792114-1.5938245042730681E-16i
2.4818581963359367,2.4818581963359367,0.25778314080831327+1.3921752646325538E-16i
2.4818581963359367,2.4818581963359367,0.37283164836315574+3.6768760367827233E-16i
2.4818581963359367,2.4818581963359367,0.42197748305776944-9.048297832004516E-17i
2.4818581963359367,2.4818581963359367,0.4318028024899773+1.5326298951221442E-16i
2.4818581963359367,2.4818581963359367,0.5414503250696249+1.401097543282894E-16i
2.4818581963359367,2.4818581963359367,0.5829954849882462-2.9175836115538386E-16i
2.4818581963359367,2.4818581963359367,0.622659967787337-1.2627977303967761E-16i
2.5132741228718345,2.5132741228718345,0.05235983736435982-2.7851525912911226E-16i
2.5132741228718345,2.5132741228718345,0.1134651725330064-1.421943930798658E-16i
2.5132741228718345,2.5132741228718345,0.24792813634162486-2.448125323697375E-16i
2.5132741228718345,2.5132741228718345,0.2581036159647229+2.6822278947646214E-16i
2.5132741228718345,2.5132741228718345,0.37475024932991297+2.572476892889133E-16i
2.5132741228718345,2.5132741228718345,0.4259462681598338-2.2933807542067945E-16i
2.5132741228718345,2.5132741228718345,0.43283505513861675+1.1527086035433252E-16i
2.5132741228718345,2.5132741228718345,0.5415253060549007-6.177273030855976E-17i
2.5132741228718345,2.5132741228718345,0.5790178228176759-3.075296754447274E-16i
2.5132741228718345,2.5132741228718345,0.61865396588394417
2.5446900494077322,2.5446900494077322,0.05185147153698622-3.8204121385669624E-17i
2.5446900494077322,2.5446900494077322,0.11352117484286924
2.5446900494077322,2.5446900494077322,0.24910314893583996-1.3996710095964487E-16i
2.5446900494077322,2.5446900494077322,0.2583997969116483+1.4152587746196843E-16i
2.5446900494077322,2.5446900494077322,0.3764251380158016+1.7115608189043352E-16i
2.5446900494077322,2.5446900494077322,0.42990822710430787
2.5446900494077322,2.5446900494077322,0.43415374424860503+6.542875882836373E-17i
2.5446900494077322,2.5446900494077322,0.54159255111238169
2.5446900494077322,2.5446900494077322,0.5750238146764731-2.4956030321567626E-16i
2.5446900494077322,2.5446900494077322,0.6146679229563764-6.942697581528413E-17i
2.5761059759436304,2.5761059759436304,0.05136412015591035+8.629531036433735E-16i
2.5761059759436304,2.5761059759436304,0.11357370136993918+4.910244109412339E-16i
2.5761059759436304,2.5761059759436304,0.25023215827265743-2.199080603512856E-16i
2.5761059759436304,2.5761059759436304,0.25867316538540464+1.7539335088054677E-16i
2.5761059759436304,2.5761059759436304,0.37785672062848175+2.229753418444856E-16i
2.5761059759436304,2.5761059759436304,0.43385732760948176-2.151917599092519E-16i
2.5761059759436304,2.5761059759436304,0.4357587518485932+1.0830466946065851E-16i
2.5761059759436304,2.5761059759436304,0.54165133257633447
2.5761059759436304,2.5761059759436304,0.5710162596341479-4.127728614640354E-16i
2.5761059759436304,2.5761059759436304,0.6107073184830202-1.3056663878731868E-16i
2.6075219024795282,2.6075219024795282,0.05089847093764014+4.0179073023792083E-16i
2.6075219024795282,2.6075219024795282,0.11362285844319481+2.5498735587489497E-16i
2.6075219024795282,2.6075219024795282,0.25131357765261275-1.632751380082359E-16i
2.6075219024795282,2.6075219024795282,0.258925078441409+1.7578059202972842E-16i
2.6075219024795282,2.6075219024795282,0.3790530707924867+2.0524999825211242E-16i
2.6075219024795282,2.6075219024795282,0.43764106613724296+2.5689690208833497E-16i
2.6075219024795282,2.6075219024795282,0.43778801225993713-1.939870843745668E-16i
2.6075219024795282,2.6075219024795282,0.54170079350080458
2.6075219024795282,2.6075219024795282,0.5669979897052423-2.584066825749631E-16i
2.6075219024795282,2.6075219024795282,0.60677850867370708
2.6389378290154264,2.6389378290154264,0.05045519927423468-1.977967995890577E-15i
2.6389378290154264,2.6389378290154264,0.11366874348310395-1.163621970442619E-15i
2.6389378290154264,2.6389378290154264,0.25234576621851745-2.2281896295048526E-16i
2.6389378290154264,2.6389378290154264,0.25915677669921494+2.023569748078827E-16i
2.6389378290154264,2.6389378290154264,0.3800291261694058-5.1453873597224127E-17i
2.6389378290154264,2.6389378290154264,0.43978869054109465+1.6337847337645635E-16i
2.6389378290154264,2.6389378290154264,0.4416898545356078-2.3197323811918137E-16i
2.6389378290154264,2.6389378290154264,0.5417399174261441-1.520819896062886E-16i
2.6389378290154264,2.6389378290154264,0.5629719304242021-3.326888968849462E-16i
2.6389378290154264,2.6389378290154264,0.60288892959476381
2.6703537555513241,2.6703537555513241,0.05003496579725828+3.1576520448357085E-16i
2.6703537555513241,2.6703537555513241,0.11371144560716531+1.475283235927126E-16i
2.6703537555513241,2.6703537555513241,0.2533270401202529-2.586517075942476E-16i
2.6703537555513241,2.6703537555513241,0.25936939207213533+2.0789635821222046E-16i
2.6703537555513241,2.6703537555513241,0.38080509994948886+2.042178997980037E-16i
2.6703537555513241,2.6703537555513241,0.44217840011346055+1.925871649471367E-16i
2.6703537555513241,2.6703537555513241,0.4455570909407783-2.2126645741398437E-16i
2.6703537555513241,2.6703537555513241,0.541767492548118+9.243547989260995E-17i
2.6703537555513241,2.6703537555513241,0.5589411768351283-3.127445140237961E-16i
2.6703537555513241,2.6703537555513241,0.59904734989376529
2.7017696820872219,2.7017696820872219,0.049638413706087105-2.614680331364867E-16i
2.7017696820872219,2.7017696820872219,0.1137510461764956-1.4681985776121493E-16i
2.7017696820872219,2.7017696820872219,0.25425568517527875-1.4032157535477483E-16i
2.7017696820872219,2.7017696820872219,0.25956395495416584+1.682690470871097E-16i
2.7017696820872219,2.7017696820872219,0.3814045131996918+8.464788417182313E-17i
2.7017696820872219,2.7017696820872219,0.4447868793718363+1.7687112798473224E-16i
2.7017696820872219,2.7017696820872219,0.4493790696939571-1.7199975923836012E-16i
2.7017696820872219,2.7017696820872219,0.54178207102585763
2.7017696820872219,2.7017696820872219,0.5549090926928448-2.5670700411151516E-16i
2.7017696820872219,2.7017696820872219,0.59526418414101268
2.7331856086231201,2.7331856086231201,0.04926616588917756+1.7577452769036642E-15i
2.7331856086231201,2.7331856086231201,0.11378761928844518+1.0076067669703765E-15i
2.7331856086231201,2.7331856086231201,0.25512997103142654-7.194472373343109E-17i
2.7331856086231201,2.7331856086231201,0.2597414008540114+1.5126085721106267E-16i
2.7331856086231201,2.7331856086231201,0.3818522670442167+2.8210470405042863E-16i
2.7331856086231201,2.7331856086231201,0.4475881355311098+2.935862671085397E-16i
2.7331856086231201,2.7331856086231201,0.4531442767468236-6.916601889913116E-17i
2.7331856086231201,2.7331856086231201,0.5417819263544148+1.8036983490582097E-16i
2.7331856086231201,2.7331856086231201,0.5508794450061031-2.2889830408384405E-16i
2.7331856086231201,2.7331856086231201,0.5915518781379634+8.346436832978475E-17i
2.7646015351590183,2.7646015351590183,0.048918821872845894
2.7646015351590183,2.7646015351590183,0.11382123221991644
2.7646015351590183,2.7646015351590183,0.2559481667908666-1.3363880674764837E-16i
2.7646015351590183,2.7646015351590183,0.2599025764785551+1.0374113447520807E-16i
2.7646015351590183,2.7646015351590183,0.3821730487715845+9.46215031783809E-17i
2.7646015351590183,2.7646015351590183,0.45055569185218536+1.1900704597338402E-16i
2.7646015351590183,2.7646015351590183,0.4568391045276507-1.6868261055914312E-16i
2.7646015351590183,2.7646015351590183,0.54176501592119375
2.7646015351590183,2.7646015351590183,0.5468565935685845-3.590019132029829E-16i
2.7646015351590183,2.7646015351590183,0.5879253753554403-1.3685193954545013E-16i
2.7960174616949156,2.7960174616949156,0.048596954637328584-1.4688026256388143E-15i
2.7960174616949156,2.7960174616949156,0.11385194582545996-8.281653115935706E-16i
2.7960174616949156,2.7960174616949156,0.25670855799727377-1.6688911726938144E-16i
2.7960174616949156,2.7960174616949156,0.2600482452769456+1.5042928255821795E-16i
2.7960174616949156,2.7960174616949156,0.38239019652596345-5.57994424969965E-17i
2.7960174616949156,2.7960174616949156,0.45366344801047914+1.4317410622065994E-16i
2.7960174616949156,2.7960174616949156,0.4604473026465009-1.5029953823180795E-16i
2.7960174616949156,2.7960174616949156,0.54172895375065111
2.7960174616949156,2.7960174616949156,0.5428457782486122-3.461679036047545E-16i
2.7960174616949156,2.7960174616949156,0.58440266610340097
2.8274333882308138,2.8274333882308138,0.04830110734467579-4.6385785802868956E-17i
2.8274333882308138,2.8274333882308138,0.11387981489349296-3.228074926464763E-17i
2.8274333882308138,2.8274333882308138,0.2574094648235017-8.28593889844476E-17i
2.8274333882308138,2.8274333882308138,0.2601790924627646+4.4555545787064704E-17i
2.8274333882308138,2.8274333882308138,0.3825250103823886+4.876274697891325E-17i
2.8274333882308138,2.8274333882308138,0.45688594369434776+2.1654419020237531E-16i
2.8274333882308138,2.8274333882308138,0.4639493177659115-1.1590695933122663E-16i
2.8274333882308138,2.8274333882308138,0.5388534447882447-3.583481949319717E-16i
2.8274333882308138,2.8274333882308138,0.5416711379945519-7.765585113687702E-17i
2.8274333882308138,2.8274333882308138,0.58100540313808435
2.858849314766712,2.858849314766712,0.04803179002872134+1.1535042755226942E-16i
2.858849314766712,2.858849314766712,0.11390488846411082+3.70206993154749E-17i
2.858849314766712,2.858849314766712,0.2580492612263103-1.422258339867288E-16i
2.858849314766712,2.858849314766712,0.26029572953649616+1.7752295018307518E-16i
2.858849314766712,2.858849314766712,0.38259642266999994+8.452040626273328E-17i
2.858849314766712,2.858849314766712,0.46019802611826066+2.5013458098779747E-16i
2.858849314766712,2.858849314766712,0.46732150991890853-1.517995280384996E-16i
2.858849314766712,2.858849314766712,0.5348881163162637-3.0395385746720166E-16i
2.858849314766712,2.858849314766712,0.54158867761635643
2.858849314766712,2.858849314766712,0.57775953150743498
2.8902652413026098,2.8902652413026098,0.04778947630018719+9.469414655071138E-16i
2.8902652413026098,2.8902652413026098,0.11392721011088856+5.395017163969087E-16i
2.8902652413026098,2.8902652413026098,0.25862639475993043-3.740723651753411E-17i
2.8902652413026098,2.8902652413026098,0.2603986983354168+1.3073341360213802E-16i
2.8902652413026098,2.8902652413026098,0.3826209193298851+1.2840797908010177E-16i
2.8902652413026098,2.8902652413026098,0.463573859705512+3.5627162370301414E-16i
2.8902652413026098,2.8902652413026098,0.4705352642389526-9.432645619372669E-17i
2.8902652413026098,2.8902652413026098,0.5309611787065224-9.090327412107399E-17i
2.8902652413026098,2.8902652413026098,0.5414790170578131+6.664347929458415E-17i
2.8902652413026098,2.8902652413026098,0.5746958170559592+2.632806748835138E-16i
2.9216811678385075,2.9216811678385075,0.0475746001242094-3.3819676052931127E-16i
2.9216811678385075,2.9216811678385075,0.11394681818936678-1.8239487125067532E-16i
2.9216811678385075,2.9216811678385075,0.2591394066623243-5.851677558133238E-17i
2.9216811678385075,2.9216811678385075,0.2604884746471575+1.2563172168737736E-16i
2.9216811678385075,2.9216811678385075,0.38261261497334015
2.9216811678385075,2.9216811678385075,0.46698505240761357+3.2424827825329857E-16i
2.9216811678385075,2.9216811678385075,0.47355607024443674-5.625332370500018E-17i
2.9216811678385075,2.9216811678385075,0.5270888284764265-2.088111736264588E-16i
2.9216811678385075,2.9216811678385075,0.54134047307802768
2.9216811678385075,2.9216811678385075,0.5718500618365442+1.4037793162431813E-16i
2.9530970943744057,2.9530970943744057,0.04738755272851309+4.464609633190424E-16i
2.9530970943744057,2.9530970943744057,0.11396374605414114+2.3659900879746287E-16i
2.9530970943744057,2.9530970943744057,0.2595869517391907-6.898704485814351E-17i
2.9530970943744057,2.9530970943744057,0.26056547144891495+3.6066546821002754E-17i
2.9530970943744057,2.9530970943744057,0.382583407600166+8.629266874024849E-17i
2.9530970943744057,2.9530970943744057,0.47039733862981364+2.238993962010757E-16i
2.9530970943744057,2.9530970943744057,0.47634273703816032
2.9530970943744057,2.9530970943744057,0.5232951739890412-2.0697031343138555E-16i
2.9530970943744057,2.9530970943744057,0.54117348401263321
2.9530970943744057,2.9530970943744057,0.5692626815923405
2.9845130209103035,2.9845130209103035,0.04722867970142825-3.014847444723997E-16i
2.9845130209103035,2.9845130209103035,0.11397802224646986-1.6863889375902486E-16i
2.9845130209103035,2.9845130209103035,0.25996781742505776-6.104259073945942E-17i
2.9845130209103035,2.9845130209103035,0.26063004192884742
2.9845130209103035,2.9845130209103035,0.3825431627925316-5.098492230270774E-17i
2.9845130209103035,2.9845130209103035,0.47376458512135594+2.3802210419073E-16i
2.9845130209103035,2.9845130209103035,0.4788470662819502-8.576582261121151E-17i
2.9845130209103035,2.9845130209103035,0.519618031392329-3.6143322205381465E-16i
2.9845130209103035,2.9845130209103035,0.54098237897001689
2.9845130209103035,2.9845130209103035,0.56697725883237737
3.0159289474462012,3.0159289474462012,0.047098278337281134+4.1332163500527284E-17i
3.0159289474462012,3.0159289474462012,0.11398967065389129
3.0159289474462012,3.0159289474462012,0.26028094092116877-6.583597379108358E-17i
3.0159289474462012,3.0159289474462012,0.26068248289140517+5.0381211086287514E-17i
3.0159289474462012,3.0159289474462012,0.38249989649788846+5.72236692932383E-17i
3.0159289474462012,3.0159289474462012,0.4770175301204759+2.220455757826471E-16i
3.0159289474462012,3.0159289474462012,0.4810145050515193-7.693355420515107E-17i
3.0159289474462012,3.0159289474462012,0.5161199873648854-1.9210554507575598E-16i
3.0159289474462012,3.0159289474462012,0.54077744678473216
3.0159289474462012,3.0159289474462012,0.56503781863908109
3.0473448739820994,3.0473448739820994,0.046996595283902855+1.592762881833915E-16i
3.0473448739820994,3.0473448739820994,0.11399871064311569+8.043278439143754E-17i
3.0473448739820994,3.0473448739820994,0.26052542013378166-4.0907771289062515E-17i
3.0473448739820994,3.0473448739820994,0.26072304231225596
3.0473448739820994,3.0473448739820994,0.382459939180627+4.273271062503977E-17i
3.0473448739820994,3.0473448739820994,0.48004226394701366+1.8659367580555598E-16i
3.0473448739820994,3.0473448739820994,0.48278646763097727
3.0473448739820994,3.0473448739820994,0.5129097400454737-1.8002196565625758E-16i
3.0473448739820994,3.0473448739820994,0.54057638543142505
3.0473448739820994,3.0473448739820994,0.5634850556378419
3.0787608005179972,3.0787608005179972,0.046923824542616455-6.861217012134617E-17i
3.0787608005179972,3.0787608005179972,0.11400515716744779-5.261428624888714E-17i
3.0787608005179972,3.0787608005179972,0.26070045380798268
3.0787608005179972,3.0787608005179972,0.260751995149968+5.299436689373778E-17i
3.0787608005179972,3.0787608005179972,0.38242807289626446+1.2517953312007137E-16i
3.0787608005179972,3.0787608005179972,0.482641910408629+1.3601911791058333E-10i
3.0787608005179972,3.0787608005179972,0.4841049493123634+1.1028571244962914E-10i
3.0787608005179972,3.0787608005179972,0.5101802676836587+2.4047376889375557E-10i
3.0787608005179972,3.0787608005179972,0.5404035388036261-7.295793647041069E-10i
3.0787608005179972,3.0787608005179972,0.5623524826178081-5.70499954804469E-10i
3.1101767270538954,3.1101767270538954,0.04688010586388602-3.255526977968118E-17i
3.1101767270538954,3.1101767270538954,0.11400902084936564-1.4300762904373734E-17i
3.1101767270538954,3.1101767270538954,0.26076882435503673
3.1101767270538954,3.1101767270538954,0.2608061734591284-3.298865469704692E-17i
3.1101767270538954,3.1101767270538954,0.38240763797183808
3.1101767270538954,3.1101767270538954,0.4844912883492318+5.885337312699123E-17i
3.1101767270538954,3.1101767270538954,0.48491946514284673
3.1101767270538954,3.1101767270538954,0.50825404974643829
3.1101767270538954,3.1101767270538954,0.54028548963837597
3.1101767270538954,3.1101767270538954,0.5616638960691378
3.1415926535897931,3.1415926535897931,0.046865523574638877
3.1415926535897931,3.1415926535897931,0.11401030803904777
3.1415926535897931,3.1415926535897931,0.2607746692386895-5.964392623511241E-17i
3.1415926535897931,3.1415926535897931,0.26084120454960064-2.9556199401024404E-17i
3.1415926535897931,3.1415926535897931,0.38240060862958736
3.1415926535897931,3.1415926535897931,0.48517937223015989
3.1415926535897931,3.1415926535897931,0.48519521592921855
3.1415926535897931,3.1415926535897931,0.50754045182367313
3.1415926535897931,3.1415926535897931,0.5402434252711813
3.1415926535897931,3.1415926535897931,0.56143291870490886
,,
,,
,,
,,
,,
